#
# There is insufficient memory for the Java Runtime Environment to continue.
# Native memory allocation (mmap) failed to map 65536 bytes for Failed to commit metaspace.
# Possible reasons:
#   The system is out of physical RAM or swap space
#   The process is running with CompressedOops enabled, and the Java Heap may be blocking the growth of the native heap
# Possible solutions:
#   Reduce memory load on the system
#   Increase physical memory or swap space
#   Check if swap backing store is full
#   Decrease Java heap size (-Xmx/-Xms)
#   Decrease number of Java threads
#   Decrease Java thread stack sizes (-Xss)
#   Set larger code cache with -XX:ReservedCodeCacheSize=
#   JVM is running with Unscaled Compressed Oops mode in which the Java heap is
#     placed in the first 4GB address space. The Java Heap base address is the
#     maximum limit for the native heap growth. Please use -XX:HeapBaseMinAddress
#     to set the Java Heap base and to place the Java Heap above 4GB virtual address.
# This output file may be truncated or incomplete.
#
#  Out of Memory Error (virtualSpaceNode.cpp:112), pid=92000, tid=89460
#
# JRE version: Java(TM) SE Runtime Environment (21.0.4+8) (build 21.0.4+8-LTS-274)
# Java VM: Java HotSpot(TM) 64-Bit Server VM (21.0.4+8-LTS-274, mixed mode, sharing, tiered, compressed oops, compressed class ptrs, g1 gc, windows-amd64)
# No core dump will be written. Minidumps are not enabled by default on client versions of Windows
#

---------------  S U M M A R Y ------------

Command Line: -Dfile.encoding=UTF-8 -Dstdout.encoding=UTF-8 -Dstderr.encoding=UTF-8 -XX:+ShowCodeDetailsInExceptionMessages Expressions.CssSelector_Method

Host: Intel(R) Core(TM) i5-9300H CPU @ 2.40GHz, 8 cores, 7G,  Windows 11 , 64 bit Build 22621 (10.0.22621.5415)
Time: Fri May 22 00:30:14 2026 India Standard Time elapsed time: 9.876908 seconds (0d 0h 0m 9s)

---------------  T H R E A D  ---------------

Current thread (0x0000020c73425ca0):  JavaThread "main"             [_thread_in_vm, id=89460, stack(0x0000009363300000,0x0000009363400000) (1024K)]

Stack: [0x0000009363300000,0x0000009363400000]
Native frames: (J=compiled Java code, j=interpreted, Vv=VM code, C=native code)
V  [jvm.dll+0x6c8e59]
V  [jvm.dll+0x853181]
V  [jvm.dll+0x8556ae]
V  [jvm.dll+0x855d83]
V  [jvm.dll+0x27d526]
V  [jvm.dll+0x84edae]
V  [jvm.dll+0x66cc05]
V  [jvm.dll+0x66cc6a]
V  [jvm.dll+0x66f485]
V  [jvm.dll+0x66f352]
V  [jvm.dll+0x66d5de]
V  [jvm.dll+0x268d30]
V  [jvm.dll+0x2151f7]
V  [jvm.dll+0x20ab4e]
V  [jvm.dll+0x5ac19c]
V  [jvm.dll+0x21c2ea]
V  [jvm.dll+0x7ccb1c]
V  [jvm.dll+0x7cdb44]
V  [jvm.dll+0x7ce112]
V  [jvm.dll+0x7cdd98]
V  [jvm.dll+0x26b38b]
V  [jvm.dll+0x3d1a3e]
C  0x0000020c0754a954

The last pc belongs to new (printed below).
Java frames: (J=compiled Java code, j=interpreted, Vv=VM code)
j  java.util.logging.ConsoleHandler.<init>()V+4 java.logging@21.0.4
J 1293 c1 java.lang.invoke.DirectMethodHandle$Holder.newInvokeSpecial(Ljava/lang/Object;)Ljava/lang/Object; java.base@21.0.4 (20 bytes) @ 0x0000020c00228004 [0x0000020c00227a80+0x0000000000000584]
J 1169 c1 jdk.internal.reflect.DirectConstructorHandleAccessor.newInstance([Ljava/lang/Object;)Ljava/lang/Object; java.base@21.0.4 (130 bytes) @ 0x0000020c001e944c [0x0000020c001e7e00+0x000000000000164c]
J 1168 c1 java.lang.reflect.Constructor.newInstanceWithCaller([Ljava/lang/Object;ZLjava/lang/Class;)Ljava/lang/Object; java.base@21.0.4 (51 bytes) @ 0x0000020c001ebccc [0x0000020c001ebae0+0x00000000000001ec]
j  java.lang.reflect.ReflectAccess.newInstance(Ljava/lang/reflect/Constructor;[Ljava/lang/Object;Ljava/lang/Class;)Ljava/lang/Object;+4 java.base@21.0.4
j  jdk.internal.reflect.ReflectionFactory.newInstance(Ljava/lang/reflect/Constructor;[Ljava/lang/Object;Ljava/lang/Class;)Ljava/lang/Object;+7 java.base@21.0.4
j  java.lang.Class.newInstance()Ljava/lang/Object;+117 java.base@21.0.4
j  java.util.logging.LogManager.createLoggerHandlers(Ljava/lang/String;Ljava/lang/String;)Ljava/util/List;+50 java.logging@21.0.4
j  java.util.logging.LogManager$4.run()Ljava/lang/Void;+28 java.logging@21.0.4
j  java.util.logging.LogManager$4.run()Ljava/lang/Object;+1 java.logging@21.0.4
j  java.security.AccessController.executePrivileged(Ljava/security/PrivilegedAction;Ljava/security/AccessControlContext;Ljava/lang/Class;)Ljava/lang/Object;+29 java.base@21.0.4
j  java.security.AccessController.doPrivileged(Ljava/security/PrivilegedAction;)Ljava/lang/Object;+5 java.base@21.0.4
j  java.util.logging.LogManager.loadLoggerHandlers(Ljava/util/logging/Logger;Ljava/lang/String;Ljava/lang/String;)V+11 java.logging@21.0.4
j  java.util.logging.LogManager.initializeGlobalHandlers()V+52 java.logging@21.0.4
j  java.util.logging.LogManager$RootLogger.accessCheckedHandlers()[Ljava/util/logging/Handler;+4 java.logging@21.0.4
j  java.util.logging.Logger.getHandlers()[Ljava/util/logging/Handler;+1 java.logging@21.0.4
j  java.util.logging.Logger.log(Ljava/util/logging/LogRecord;)V+56 java.logging@21.0.4
j  java.util.logging.Logger.doLog(Ljava/util/logging/LogRecord;)V+46 java.logging@21.0.4
j  java.util.logging.Logger.log(Ljava/util/logging/Level;Ljava/lang/String;Ljava/lang/Object;)V+40 java.logging@21.0.4
j  org.openqa.selenium.devtools.CdpVersionFinder.findNearestMatch(I)Ljava/util/Optional;+126
j  org.openqa.selenium.devtools.CdpVersionFinder.fromMatcher(Ljava/util/regex/Matcher;)Ljava/util/Optional;+20
j  org.openqa.selenium.devtools.CdpVersionFinder.match(Ljava/lang/String;)Ljava/util/Optional;+17
j  org.openqa.selenium.chromium.ChromiumDriver.<init>(Lorg/openqa/selenium/remote/CommandExecutor;Lorg/openqa/selenium/Capabilities;Ljava/lang/String;)V+302
j  org.openqa.selenium.chrome.ChromeDriver.<init>(Lorg/openqa/selenium/chrome/ChromeDriverService;Lorg/openqa/selenium/chrome/ChromeOptions;Lorg/openqa/selenium/remote/http/ClientConfig;)V+10
j  org.openqa.selenium.chrome.ChromeDriver.<init>(Lorg/openqa/selenium/chrome/ChromeDriverService;Lorg/openqa/selenium/chrome/ChromeOptions;)V+6
j  org.openqa.selenium.chrome.ChromeDriver.<init>()V+11
j  Expressions.CssSelector_Method.main([Ljava/lang/String;)V+4
v  ~StubRoutines::call_stub 0x0000020c0753100d
new  187 new  [0x0000020c0754a7c0, 0x0000020c0754a9c8]  520 bytes
[MachCode]
  0x0000020c0754a7c0: 4883 ec08 | c5fa 1104 | 24eb 1f48 | 83ec 10c5 | fb11 0424 | eb14 4883 | ec10 4889 | 0424 48c7 
  0x0000020c0754a7e0: 4424 0800 | 0000 00eb | 0150 410f | b755 010f | cac1 ea10 | 488b 4de8 | 488b 4908 | 488b 4908 
  0x0000020c0754a800: 488b 4108 | 807c 1004 | 070f 85d3 | 0000 0066 | 8b54 d148 | 488b 4928 | 488b 4cd1 | 0851 80b9 
  0x0000020c0754a820: 2001 0000 | 050f 85b6 | 0000 008b | 5108 f6c2 | 010f 85aa | 0000 0049 | 8b87 b801 | 0000 488d 
  0x0000020c0754a840: 1c10 493b | 9fc8 0100 | 000f 8792 | 0000 0049 | 899f b801 | 0000 4883 | ea10 0f84 | 0f00 0000 
  0x0000020c0754a860: 33c9 c1ea | 0348 894c | d008 48ff | ca75 f648 | c700 0100 | 0000 5933 | f689 700c | 49ba 0000 
  0x0000020c0754a880: 0013 0c02 | 0000 492b | ca89 4808 | 49ba e1f7 | 84b6 fb7f | 0000 4180 | 3a00 0f84 | 3c00 0000 
  0x0000020c0754a8a0: 5048 8bc8 | 4883 ec20 | 40f6 c40f | 0f84 1900 | 0000 4883 | ec08 48b8 | 10ed 35b6 | fb7f 0000 
  0x0000020c0754a8c0: ffd0 4883 | c408 e90c | 0000 0048 | b810 ed35 | b6fb 7f00 | 00ff d048 | 83c4 2058 | e9cb 0000 
  0x0000020c0754a8e0: 0059 488b | 55e8 488b | 5208 488b | 5208 450f | b745 0141 | 0fc8 41c1 | e810 e805 | 0000 00e9 
  0x0000020c0754a900: a800 0000 | 488d 4424 | 084c 896d | c049 8bcf | c5f8 7749 | 89af a803 | 0000 4989 | 8798 0300 
  0x0000020c0754a920: 0048 83ec | 2040 f6c4 | 0f0f 8419 | 0000 0048 | 83ec 0848 | b8f0 1900 | b6fb 7f00 | 00ff d048 
  0x0000020c0754a940: 83c4 08e9 | 0c00 0000 | 48b8 f019 | 00b6 fb7f | 0000 ffd0 | 4883 c420 | 49c7 8798 | 0300 0000 
  0x0000020c0754a960: 0000 0049 | c787 a803 | 0000 0000 | 0000 49c7 | 87a0 0300 | 0000 0000 | 00c5 f877 | 4983 7f08 
  0x0000020c0754a980: 000f 8405 | 0000 00e9 | 7465 feff | 498b 87f0 | 0300 0049 | c787 f003 | 0000 0000 | 0000 4c8b 
  0x0000020c0754a9a0: 6dc0 4c8b | 75c8 4e8d | 74f5 00c3 | 410f b65d | 0349 83c5 | 0349 ba10 | bc87 b6fb | 7f00 0041 
  0x0000020c0754a9c0: ff24 da0f | 1f44 0000 
[/MachCode]

Compiled method (c1)   10348 1293       3       java.lang.invoke.DirectMethodHandle$Holder::newInvokeSpecial (20 bytes)
 total in heap  [0x0000020c00227890,0x0000020c002282a0] = 2576
 relocation     [0x0000020c002279e8,0x0000020c00227a78] = 144
 main code      [0x0000020c00227a80,0x0000020c002280e0] = 1632
 stub code      [0x0000020c002280e0,0x0000020c00228140] = 96
 metadata       [0x0000020c00228140,0x0000020c00228158] = 24
 scopes data    [0x0000020c00228158,0x0000020c002281d0] = 120
 scopes pcs     [0x0000020c002281d0,0x0000020c00228280] = 176
 dependencies   [0x0000020c00228280,0x0000020c00228288] = 8
 nul chk table  [0x0000020c00228288,0x0000020c002282a0] = 24

[Constant Pool (empty)]

[MachCode]
[Verified Entry Point]
  # {method} {0x0000020c130b6d08} 'newInvokeSpecial' '(Ljava/lang/Object;)Ljava/lang/Object;' in 'java/lang/invoke/DirectMethodHandle$Holder'
  # parm0:    rdx:rdx   = 'java/lang/Object'
  #           [sp+0x60]  (sp of caller)
  0x0000020c00227a80: 8984 2400 | 80ff ff55 | 4883 ec50 | 4181 7f20 | 0100 0000 

  0x0000020c00227a94: ;   {runtime_call StubRoutines (final stubs)}
  0x0000020c00227a94: 7405 e8c5 

  0x0000020c00227a98: ;   {metadata(method data for {method} {0x0000020c130b6d08} 'newInvokeSpecial' '(Ljava/lang/Object;)Ljava/lang/Object;' in 'java/lang/invoke/DirectMethodHandle$Holder')}
  0x0000020c00227a98: d233 0749 | b878 d478 | 540c 0200 | 004d 8d80 | 3802 0000 | 4885 d275 | 0d41 f600 | 0175 4df0 
  0x0000020c00227ab8: 4983 0801 | eb46 8b72 | 0849 ba00 | 0000 130c | 0200 0049 | 03f2 4c8b | d649 3330 | 48f7 c6fc 
  0x0000020c00227ad8: ffff ff74 | 2740 f6c6 | 0275 2149 | f700 feff | ffff 7415 | 498b f249 | 3330 48f7 | c6fc ffff 
  0x0000020c00227af8: ff74 0949 | 8308 02eb | 0349 8930 

  0x0000020c00227b04: ;   {metadata(method data for {method} {0x0000020c130b6d08} 'newInvokeSpecial' '(Ljava/lang/Object;)Ljava/lang/Object;' in 'java/lang/invoke/DirectMethodHandle$Holder')}
  0x0000020c00227b04: 49b8 78d4 | 7854 0c02 | 0000 418b | b0cc 0000 | 0083 c602 | 4189 b0cc | 0000 0081 | e6fe 0700 
  0x0000020c00227b24: 0085 f60f | 84f7 0400 

  0x0000020c00227b2c: ;   {metadata(method data for {method} {0x0000020c130b6d08} 'newInvokeSpecial' '(Ljava/lang/Object;)Ljava/lang/Object;' in 'java/lang/invoke/DirectMethodHandle$Holder')}
  0x0000020c00227b2c: 0049 b878 | d478 540c | 0200 004d | 8d80 2001 | 0000 4885 | d275 0f41 | f640 0801 | 7553 f049 
  0x0000020c00227b4c: 8348 0801 | eb4b 8b72 | 0849 ba00 | 0000 130c | 0200 0049 | 03f2 4c8b | d649 3370 | 0848 f7c6 
  0x0000020c00227b6c: fcff ffff | 742b 40f6 | c602 7525 | 49f7 4008 | feff ffff | 7417 498b | f249 3370 | 0848 f7c6 
  0x0000020c00227b8c: fcff ffff | 740b 4983 | 4808 02eb | 0449 8970 

  0x0000020c00227b9c: ;   {metadata(method data for {method} {0x0000020c130b6d08} 'newInvokeSpecial' '(Ljava/lang/Object;)Ljava/lang/Object;' in 'java/lang/invoke/DirectMethodHandle$Holder')}
  0x0000020c00227b9c: 0849 b878 | d478 540c | 0200 0049 | 8380 1001 

  0x0000020c00227bac: ;   {metadata(method data for {method} {0x0000020c130a3648} 'allocateInstance' '(Ljava/lang/Object;)Ljava/lang/Object;' in 'java/lang/invoke/DirectMethodHandle')}
  0x0000020c00227bac: 0000 0149 | b840 c338 | 540c 0200 | 0041 8bb0 | cc00 0000 | 83c6 0241 | 89b0 cc00 | 0000 81e6 
  0x0000020c00227bcc: feff 1f00 | 85f6 0f84 | 6d04 0000 | 4885 d275 

  0x0000020c00227bdc: ;   {metadata(method data for {method} {0x0000020c130a3648} 'allocateInstance' '(Ljava/lang/Object;)Ljava/lang/Object;' in 'java/lang/invoke/DirectMethodHandle')}
  0x0000020c00227bdc: 1648 bf40 | c338 540c | 0200 0080 | 8f09 0100 | 0001 e9cc 

  0x0000020c00227bf0: ;   {metadata('java/lang/invoke/DirectMethodHandle$Constructor')}
  0x0000020c00227bf0: 0000 0048 | bb30 d214 | 130c 0200 | 008b 7208 | 49ba 0000 | 0013 0c02 | 0000 4903 | f248 3bde 
  0x0000020c00227c10: 0f85 8d00 

  0x0000020c00227c14: ;   {metadata(method data for {method} {0x0000020c130a3648} 'allocateInstance' '(Ljava/lang/Object;)Ljava/lang/Object;' in 'java/lang/invoke/DirectMethodHandle')}
  0x0000020c00227c14: 0000 48bf | 40c3 3854 | 0c02 0000 | 8b5a 0849 | ba00 0000 | 130c 0200 | 0049 03da | 483b 9f20 
  0x0000020c00227c34: 0100 0075 | 0d48 8387 | 2801 0000 | 01e9 7900 | 0000 483b | 9f30 0100 | 0075 0d48 | 8387 3801 
  0x0000020c00227c54: 0000 01e9 | 6300 0000 | 4883 bf20 | 0100 0000 | 7517 4889 | 9f20 0100 | 0048 c787 | 2801 0000 
  0x0000020c00227c74: 0100 0000 | e942 0000 | 0048 83bf | 3001 0000 | 0075 1748 | 899f 3001 | 0000 48c7 | 8738 0100 
  0x0000020c00227c94: 0001 0000 | 00e9 2100 | 0000 e91c 

  0x0000020c00227ca0: ;   {metadata(method data for {method} {0x0000020c130a3648} 'allocateInstance' '(Ljava/lang/Object;)Ljava/lang/Object;' in 'java/lang/invoke/DirectMethodHandle')}
  0x0000020c00227ca0: 0000 0048 | bf40 c338 | 540c 0200 | 0048 83af | 1001 0000 | 01e9 ac03 | 0000 e900 | 0000 004c 
  0x0000020c00227cc0: 8bc2 458b 

  0x0000020c00227cc4: ;   {oop(a 'jdk/internal/misc/Unsafe'{0x000000008862adb0})}
  0x0000020c00227cc4: 4028 48be | b0ad 6288 | 0000 0000 

  0x0000020c00227cd0: ;   {metadata(method data for {method} {0x0000020c130a3648} 'allocateInstance' '(Ljava/lang/Object;)Ljava/lang/Object;' in 'java/lang/invoke/DirectMethodHandle')}
  0x0000020c00227cd0: 488b fe48 | bb40 c338 | 540c 0200 | 0048 8383 | 4801 0000 | 0148 8954 | 2430 488b 

  0x0000020c00227cec: ;   {optimized virtual_call}
  0x0000020c00227cec: d666 90e8 

  0x0000020c00227cf0: ; ImmutableOopMap {[48]=Oop }
                      ;*invokevirtual allocateInstance {reexecute=0 rethrow=0 return_oop=0}
                      ; - java.lang.invoke.DirectMethodHandle::allocateInstance@12 (line 501)
                      ; - java.lang.invoke.DirectMethodHandle$Holder::newInvokeSpecial@1
  0x0000020c00227cf0: 4cda 8f07 

  0x0000020c00227cf4: ;   {other}
  0x0000020c00227cf4: 0f1f 8400 | 6404 0000 

  0x0000020c00227cfc: ;   {metadata(method data for {method} {0x0000020c130b6d08} 'newInvokeSpecial' '(Ljava/lang/Object;)Ljava/lang/Object;' in 'java/lang/invoke/DirectMethodHandle$Holder')}
  0x0000020c00227cfc: 48ba 78d4 | 7854 0c02 | 0000 488d | 9230 0100 | 0048 85c0 | 750c f602 | 0175 4ef0 | 4883 0a01 
  0x0000020c00227d1c: eb47 448b | 4008 49ba | 0000 0013 | 0c02 0000 | 4d03 c24d | 8bd0 4c33 | 0249 f7c0 | fcff ffff 
  0x0000020c00227d3c: 7427 41f6 | c002 7521 | 48f7 02fe | ffff ff74 | 154d 8bc2 | 4c33 0249 | f7c0 fcff | ffff 7409 
  0x0000020c00227d5c: 4883 0a02 | eb03 4c89 

  0x0000020c00227d64: ;   {metadata(method data for {method} {0x0000020c130b6d08} 'newInvokeSpecial' '(Ljava/lang/Object;)Ljava/lang/Object;' in 'java/lang/invoke/DirectMethodHandle$Holder')}
  0x0000020c00227d64: 0248 ba78 | d478 540c | 0200 0048 | 8d92 5001 | 0000 4c8b | 4424 304d | 85c0 750e | f642 0801 
  0x0000020c00227d84: 7554 f048 | 834a 0801 | eb4c 418b | 7008 49ba | 0000 0013 | 0c02 0000 | 4903 f24c | 8bd6 4833 
  0x0000020c00227da4: 7208 48f7 | c6fc ffff | ff74 2b40 | f6c6 0275 | 2548 f742 | 08fe ffff | ff74 1749 | 8bf2 4833 
  0x0000020c00227dc4: 7208 48f7 | c6fc ffff | ff74 0b48 | 834a 0802 | eb04 4889 

  0x0000020c00227dd8: ;   {metadata(method data for {method} {0x0000020c130b6d08} 'newInvokeSpecial' '(Ljava/lang/Object;)Ljava/lang/Object;' in 'java/lang/invoke/DirectMethodHandle$Holder')}
  0x0000020c00227dd8: 7208 48ba | 78d4 7854 | 0c02 0000 | 4883 8240 | 0100 0001 

  0x0000020c00227dec: ;   {metadata(method data for {method} {0x0000020c130a40f0} 'constructorMethod' '(Ljava/lang/Object;)Ljava/lang/Object;' in 'java/lang/invoke/DirectMethodHandle')}
  0x0000020c00227dec: 48ba 5041 | 5554 0c02 | 0000 8bb2 | cc00 0000 | 83c6 0289 | b2cc 0000 | 0081 e6fe | ff1f 0085 
  0x0000020c00227e0c: f60f 8461 | 0200 004d | 85c0 7516 

  0x0000020c00227e18: ;   {metadata(method data for {method} {0x0000020c130a40f0} 'constructorMethod' '(Ljava/lang/Object;)Ljava/lang/Object;' in 'java/lang/invoke/DirectMethodHandle')}
  0x0000020c00227e18: 48be 5041 | 5554 0c02 | 0000 808e | 0901 0000 | 01e9 ce00 

  0x0000020c00227e2c: ;   {metadata('java/lang/invoke/DirectMethodHandle$Constructor')}
  0x0000020c00227e2c: 0000 48bf | 30d2 1413 | 0c02 0000 | 418b 5008 | 49ba 0000 | 0013 0c02 | 0000 4903 | d248 3bfa 
  0x0000020c00227e4c: 0f85 8e00 

  0x0000020c00227e50: ;   {metadata(method data for {method} {0x0000020c130a40f0} 'constructorMethod' '(Ljava/lang/Object;)Ljava/lang/Object;' in 'java/lang/invoke/DirectMethodHandle')}
  0x0000020c00227e50: 0000 48be | 5041 5554 | 0c02 0000 | 418b 7808 | 49ba 0000 | 0013 0c02 | 0000 4903 | fa48 3bbe 
  0x0000020c00227e70: 2001 0000 | 750d 4883 | 8628 0100 | 0001 e979 | 0000 0048 | 3bbe 3001 | 0000 750d | 4883 8638 
  0x0000020c00227e90: 0100 0001 | e963 0000 | 0048 83be | 2001 0000 | 0075 1748 | 89be 2001 | 0000 48c7 | 8628 0100 
  0x0000020c00227eb0: 0001 0000 | 00e9 4200 | 0000 4883 | be30 0100 | 0000 7517 | 4889 be30 | 0100 0048 | c786 3801 
  0x0000020c00227ed0: 0000 0100 | 0000 e921 | 0000 00e9 | 1c00 0000 

  0x0000020c00227ee0: ;   {metadata(method data for {method} {0x0000020c130a40f0} 'constructorMethod' '(Ljava/lang/Object;)Ljava/lang/Object;' in 'java/lang/invoke/DirectMethodHandle')}
  0x0000020c00227ee0: 48be 5041 | 5554 0c02 | 0000 4883 | ae10 0100 | 0001 e99e | 0100 00e9 | 0000 0000 | 498b d044 
  0x0000020c00227f00: ;   {metadata(method data for {method} {0x0000020c130b6d08} 'newInvokeSpecial' '(Ljava/lang/Object;)Ljava/lang/Object;' in 'java/lang/invoke/DirectMethodHandle$Holder')}
  0x0000020c00227f00: 8b42 2448 | ba78 d478 | 540c 0200 | 0048 8d92 | 6001 0000 | 4d85 c075 | 0cf6 0201 | 7547 f048 
  0x0000020c00227f20: 830a 01eb 

  0x0000020c00227f24: ;   {metadata('java/lang/invoke/MemberName')}
  0x0000020c00227f24: 4048 bef8 | 3a09 130c | 0200 004c | 8bd6 4833 | 3248 f7c6 | fcff ffff | 7427 40f6 | c602 7521 
  0x0000020c00227f44: 48f7 02fe | ffff ff74 | 1549 8bf2 | 4833 3248 | f7c6 fcff | ffff 7409 | 4883 0a02 | eb03 4889 
  0x0000020c00227f64: ;   {metadata(method data for {method} {0x0000020c130b6d08} 'newInvokeSpecial' '(Ljava/lang/Object;)Ljava/lang/Object;' in 'java/lang/invoke/DirectMethodHandle$Holder')}
  0x0000020c00227f64: 3248 ba78 | d478 540c | 0200 0048 | 8d92 b801 | 0000 4885 | c075 0ef6 | 4208 0175 | 53f0 4883 
  0x0000020c00227f84: 4a08 01eb | 4b8b 7008 | 49ba 0000 | 0013 0c02 | 0000 4903 | f24c 8bd6 | 4833 7208 | 48f7 c6fc 
  0x0000020c00227fa4: ffff ff74 | 2b40 f6c6 | 0275 2548 | f742 08fe | ffff ff74 | 1749 8bf2 | 4833 7208 | 48f7 c6fc 
  0x0000020c00227fc4: ffff ff74 | 0b48 834a | 0802 eb04 | 4889 7208 | 4d85 c075 | 0cf6 4218 | 0175 06f0 | 4883 4a18 
  0x0000020c00227fe4: ;   {metadata(method data for {method} {0x0000020c130b6d08} 'newInvokeSpecial' '(Ljava/lang/Object;)Ljava/lang/Object;' in 'java/lang/invoke/DirectMethodHandle$Holder')}
  0x0000020c00227fe4: 0148 ba78 | d478 540c | 0200 0048 | 8382 a801 | 0000 0148 | 8bd0 4889 

  0x0000020c00227ffc: ;   {static_call}
  0x0000020c00227ffc: 4424 38e8 

  0x0000020c00228000: ; ImmutableOopMap {[56]=Oop }
                      ;*invokestatic linkToSpecial {reexecute=0 rethrow=0 return_oop=0}
                      ; - java.lang.invoke.DirectMethodHandle$Holder::newInvokeSpecial@15
  0x0000020c00228000: 7c5a 8b07 

  0x0000020c00228004: ;   {other}
  0x0000020c00228004: 0f1f 8400 | 7407 0001 | 488b 4424 | 3848 83c4 

  0x0000020c00228014: ;   {poll_return}
  0x0000020c00228014: 505d 493b | a750 0400 | 000f 8780 | 0000 00c3 

  0x0000020c00228024: ;   {metadata({method} {0x0000020c130b6d08} 'newInvokeSpecial' '(Ljava/lang/Object;)Ljava/lang/Object;' in 'java/lang/invoke/DirectMethodHandle$Holder')}
  0x0000020c00228024: 49ba 006d | 0b13 0c02 | 0000 4c89 | 5424 0848 | c704 24ff 

  0x0000020c00228038: ;   {runtime_call counter_overflow Runtime1 stub}
  0x0000020c00228038: ffff ffe8 

  0x0000020c0022803c: ; ImmutableOopMap {rdx=Oop }
                      ;*synchronization entry
                      ; - java.lang.invoke.DirectMethodHandle$Holder::newInvokeSpecial@-1
  0x0000020c0022803c: c0c9 4107 | e9e8 faff 

  0x0000020c00228044: ;   {metadata({method} {0x0000020c130a3648} 'allocateInstance' '(Ljava/lang/Object;)Ljava/lang/Object;' in 'java/lang/invoke/DirectMethodHandle')}
  0x0000020c00228044: ff49 ba40 | 360a 130c | 0200 004c | 8954 2408 | 48c7 0424 | ffff ffff 

  0x0000020c0022805c: ;   {runtime_call counter_overflow Runtime1 stub}
  0x0000020c0022805c: e89f c941 

  0x0000020c00228060: ; ImmutableOopMap {rdx=Oop }
                      ;*synchronization entry
                      ; - java.lang.invoke.DirectMethodHandle::allocateInstance@-1 (line 500)
                      ; - java.lang.invoke.DirectMethodHandle$Holder::newInvokeSpecial@1
  0x0000020c00228060: 07e9 72fb | ffff 4889 

  0x0000020c00228068: ;   {runtime_call throw_class_cast_exception Runtime1 stub}
  0x0000020c00228068: 1424 e891 

  0x0000020c0022806c: ; ImmutableOopMap {rdx=Oop }
                      ;*checkcast {reexecute=0 rethrow=0 return_oop=0}
                      ; - java.lang.invoke.DirectMethodHandle::allocateInstance@1 (line 500)
                      ; - java.lang.invoke.DirectMethodHandle$Holder::newInvokeSpecial@1
                      ;   {runtime_call throw_null_pointer_exception Runtime1 stub}
  0x0000020c0022806c: 9c41 07e8 

  0x0000020c00228070: ; ImmutableOopMap {rdx=Oop }
                      ;*getfield instanceClass {reexecute=1 rethrow=0 return_oop=0}
                      ; - (reexecute) java.lang.invoke.DirectMethodHandle::allocateInstance@9 (line 501)
                      ; - java.lang.invoke.DirectMethodHandle$Holder::newInvokeSpecial@1
  0x0000020c00228070: 8c78 4107 

  0x0000020c00228074: ;   {metadata({method} {0x0000020c130a40f0} 'constructorMethod' '(Ljava/lang/Object;)Ljava/lang/Object;' in 'java/lang/invoke/DirectMethodHandle')}
  0x0000020c00228074: 49ba e840 | 0a13 0c02 | 0000 4c89 | 5424 0848 | c704 24ff 

  0x0000020c00228088: ;   {runtime_call counter_overflow Runtime1 stub}
  0x0000020c00228088: ffff ffe8 

  0x0000020c0022808c: ; ImmutableOopMap {rax=Oop r8=Oop }
                      ;*synchronization entry
                      ; - java.lang.invoke.DirectMethodHandle::constructorMethod@-1 (line 494)
                      ; - java.lang.invoke.DirectMethodHandle$Holder::newInvokeSpecial@6
  0x0000020c0022808c: 70c9 4107 | e97e fdff | ff4c 8904 

  0x0000020c00228098: ;   {runtime_call throw_class_cast_exception Runtime1 stub}
  0x0000020c00228098: 24e8 629c 

  0x0000020c0022809c: ; ImmutableOopMap {rax=Oop }
                      ;*checkcast {reexecute=0 rethrow=0 return_oop=0}
                      ; - java.lang.invoke.DirectMethodHandle::constructorMethod@1 (line 494)
                      ; - java.lang.invoke.DirectMethodHandle$Holder::newInvokeSpecial@6
                      ;   {runtime_call throw_null_pointer_exception Runtime1 stub}
  0x0000020c0022809c: 4107 e85d 

  0x0000020c002280a0: ; ImmutableOopMap {rax=Oop }
                      ;*getfield initMethod {reexecute=1 rethrow=0 return_oop=0}
                      ; - (reexecute) java.lang.invoke.DirectMethodHandle::constructorMethod@6 (line 495)
                      ; - java.lang.invoke.DirectMethodHandle$Holder::newInvokeSpecial@6
                      ;   {internal_word}
  0x0000020c002280a0: 7841 0749 | ba16 8022 | 000c 0200 | 004d 8997 | 6804 0000 

  0x0000020c002280b4: ;   {runtime_call SafepointBlob}
  0x0000020c002280b4: e947 d635 | 0749 8b87 | 0005 0000 | 49c7 8700 | 0500 0000 | 0000 0049 | c787 0805 | 0000 0000 
  0x0000020c002280d4: 0000 4883 

  0x0000020c002280d8: ;   {runtime_call unwind_exception Runtime1 stub}
  0x0000020c002280d8: c450 5de9 | 2069 4107 
[Stub Code]
  0x0000020c002280e0: ;   {no_reloc}
  0x0000020c002280e0: 48bb 0000 | 0000 0000 

  0x0000020c002280e8: ;   {runtime_call}
  0x0000020c002280e8: 0000 e9fb 

  0x0000020c002280ec: ;   {static_stub}
  0x0000020c002280ec: ffff ff48 | bb00 0000 | 0000 0000 

  0x0000020c002280f8: ;   {runtime_call}
  0x0000020c002280f8: 00e9 fbff 

  0x0000020c002280fc: ;   {runtime_call handle_exception_from_callee Runtime1 stub}
  0x0000020c002280fc: ffff e8fd 

  0x0000020c00228100: ;   {external_word}
  0x0000020c00228100: 9541 0748 | b9d0 f75c | b6fb 7f00 | 0048 83e4 

  0x0000020c00228110: ;   {runtime_call}
  0x0000020c00228110: f048 b8a0 | 1225 b6fb | 7f00 00ff 

  0x0000020c0022811c: ;   {section_word}
  0x0000020c0022811c: d0f4 49ba | 1e81 2200 | 0c02 0000 

  0x0000020c00228128: ;   {runtime_call DeoptimizationBlob}
  0x0000020c00228128: 4152 e971 

  0x0000020c0022812c: ;   {section_word}
  0x0000020c0022812c: c835 0749 | ba2f 8122 | 000c 0200 

  0x0000020c00228138: ;   {runtime_call DeoptimizationBlob}
  0x0000020c00228138: 0041 52e9 | 60c8 3507 
[/MachCode]


Compiled method (c1)   10439 1169   !   3       jdk.internal.reflect.DirectConstructorHandleAccessor::newInstance (130 bytes)
 total in heap  [0x0000020c001e7910,0x0000020c001eb8b8] = 16296
 relocation     [0x0000020c001e7a68,0x0000020c001e7df0] = 904
 main code      [0x0000020c001e7e00,0x0000020c001ea410] = 9744
 stub code      [0x0000020c001ea410,0x0000020c001ea5a0] = 400
 oops           [0x0000020c001ea5a0,0x0000020c001ea5c8] = 40
 metadata       [0x0000020c001ea5c8,0x0000020c001ea650] = 136
 scopes data    [0x0000020c001ea650,0x0000020c001eaaf8] = 1192
 scopes pcs     [0x0000020c001eaaf8,0x0000020c001eb0c8] = 1488
 dependencies   [0x0000020c001eb0c8,0x0000020c001eb0d0] = 8
 handler table  [0x0000020c001eb0d0,0x0000020c001eb820] = 1872
 nul chk table  [0x0000020c001eb820,0x0000020c001eb8b8] = 152

[Constant Pool (empty)]

[MachCode]
[Entry Point]
  # {method} {0x0000020c131a02c0} 'newInstance' '([Ljava/lang/Object;)Ljava/lang/Object;' in 'jdk/internal/reflect/DirectConstructorHandleAccessor'
  # this:     rdx:rdx   = 'jdk/internal/reflect/DirectConstructorHandleAccessor'
  # parm0:    r8:r8     = '[Ljava/lang/Object;'
  #           [sp+0x150]  (sp of caller)
  0x0000020c001e7e00: 448b 5208 | 49bb 0000 | 0013 0c02 | 0000 4d03 | d34c 3bd0 

  0x0000020c001e7e14: ;   {runtime_call ic_miss_stub}
  0x0000020c001e7e14: 0f85 6669 | 3907 660f | 1f44 0000 
[Verified Entry Point]
  0x0000020c001e7e20: 8984 2400 | 80ff ff55 | 4881 ec40 | 0100 0090 | 4181 7f20 | 0100 0000 

  0x0000020c001e7e38: ;   {runtime_call StubRoutines (final stubs)}
  0x0000020c001e7e38: 7405 e821 | cf37 0748 | 8994 24a0 

  0x0000020c001e7e44: ;   {metadata(method data for {method} {0x0000020c131a02c0} 'newInstance' '([Ljava/lang/Object;)Ljava/lang/Object;' in 'jdk/internal/reflect/DirectConstructorHandleAccessor')}
  0x0000020c001e7e44: 0000 0049 | b998 d455 | 540c 0200 | 0041 8bb1 | cc00 0000 | 83c6 0241 | 89b1 cc00 | 0000 81e6 
  0x0000020c001e7e64: fe07 0000 | 85f6 0f84 | 1920 0000 

  0x0000020c001e7e70: ;   {metadata(method data for {method} {0x0000020c131a02c0} 'newInstance' '([Ljava/lang/Object;)Ljava/lang/Object;' in 'jdk/internal/reflect/DirectConstructorHandleAccessor')}
  0x0000020c001e7e70: 4d85 c049 | b998 d455 | 540c 0200 | 0048 be10 | 0100 0000 | 0000 0074 | 0a48 be20 | 0100 0000 
  0x0000020c001e7e90: 0000 0049 | 8b3c 3148 | 8d7f 0149 | 893c 310f | 8419 0000 | 0045 8b48 

  0x0000020c001e7ea8: ;   {metadata(method data for {method} {0x0000020c131a02c0} 'newInstance' '([Ljava/lang/Object;)Ljava/lang/Object;' in 'jdk/internal/reflect/DirectConstructorHandleAccessor')}
  0x0000020c001e7ea8: 0c48 be98 | d455 540c | 0200 00ff | 8630 0100 | 00e9 0600 | 0000 41b9 | 0000 0000 | 8b72 0c44 
  0x0000020c001e7ec8: ;   {metadata(method data for {method} {0x0000020c131a02c0} 'newInstance' '([Ljava/lang/Object;)Ljava/lang/Object;' in 'jdk/internal/reflect/DirectConstructorHandleAccessor')}
  0x0000020c001e7ec8: 3bce 48bf | 98d4 5554 | 0c02 0000 | 48bb 5801 | 0000 0000 | 0000 750a | 48bb 4801 | 0000 0000 
  0x0000020c001e7ee8: 0000 488b | 041f 488d | 4001 4889 | 041f 0f85 | 951a 0000 

  0x0000020c001e7efc: ;   {metadata(method data for {method} {0x0000020c131a02c0} 'newInstance' '([Ljava/lang/Object;)Ljava/lang/Object;' in 'jdk/internal/reflect/DirectConstructorHandleAccessor')}
  0x0000020c001e7efc: 4c8b ca48 | bf98 d455 | 540c 0200 

  0x0000020c001e7f08: ;   {metadata('jdk/internal/reflect/DirectConstructorHandleAccessor')}
  0x0000020c001e7f08: 0049 ba88 | 001a 130c | 0200 004c | 8997 b002 | 0000 4883 | 87b8 0200 

  0x0000020c001e7f20: ;   {metadata(method data for {method} {0x0000020c131a0318} 'invokeImpl' '([Ljava/lang/Object;)Ljava/lang/Object;' in 'jdk/internal/reflect/DirectConstructorHandleAccessor')}
  0x0000020c001e7f20: 0001 49b9 | c0d8 5554 | 0c02 0000 | 418b b9cc | 0000 0083 | c702 4189 | b9cc 0000 | 0081 e7fe 
  0x0000020c001e7f40: ff1f 0085 | ff0f 8464 

  0x0000020c001e7f48: ;   {metadata(method data for {method} {0x0000020c131a0318} 'invokeImpl' '([Ljava/lang/Object;)Ljava/lang/Object;' in 'jdk/internal/reflect/DirectConstructorHandleAccessor')}
  0x0000020c001e7f48: 1f00 0049 | b9c0 d855 | 540c 0200 | 0048 bf18 | 0100 0000 | 0000 0085 | f648 8bdf | 48bf 2801 
  0x0000020c001e7f68: 0000 0000 | 0000 480f | 45fb 83fe | 0148 8bdf | 48bf 3801 | 0000 0000 | 0000 480f | 45fb 83fe 
  0x0000020c001e7f88: 0248 8bdf | 48bf 4801 | 0000 0000 | 0000 480f | 45fb 83fe | 0348 8bdf | 48bf 5801 | 0000 0000 
  0x0000020c001e7fa8: 0000 480f | 45fb 498b | 1c39 49ba | 0100 0000 | 0000 0000 | 4903 da49 | 891c 3985 | f60f 848f 
  0x0000020c001e7fc8: 1000 0083 | fe01 0f84 | 960a 0000 | 83fe 020f | 8405 0400 | 0083 fe03 | 0f84 ae01 | 0000 8b72 
  0x0000020c001e7fe8: 100f 1f80 | 0000 0000 

  0x0000020c001e7ff0: ;   {no_reloc}
  0x0000020c001e7ff0: e9ea 1e00 | 0090 9090 | 9090 483b 

  0x0000020c001e7ffc: ;   {metadata(method data for {method} {0x0000020c131a0318} 'invokeImpl' '([Ljava/lang/Object;)Ljava/lang/Object;' in 'jdk/internal/reflect/DirectConstructorHandleAccessor')}
  0x0000020c001e7ffc: 0648 bfc0 | d855 540c | 0200 0048 | 8dbf 7803 | 0000 4d85 | c075 0ef6 | 4708 0175 | 53f0 4883 
  0x0000020c001e801c: 4f08 01eb | 4b41 8b58 | 0849 ba00 | 0000 130c | 0200 0049 | 03da 4c8b | d348 335f | 0848 f7c3 
  0x0000020c001e803c: fcff ffff | 742a f6c3 | 0275 2548 | f747 08fe | ffff ff74 | 1749 8bda | 4833 5f08 | 48f7 c3fc 
  0x0000020c001e805c: ffff ff74 | 0b48 834f | 0802 eb04 | 4889 5f08 

  0x0000020c001e806c: ;   {metadata(method data for {method} {0x0000020c131a0318} 'invokeImpl' '([Ljava/lang/Object;)Ljava/lang/Object;' in 'jdk/internal/reflect/DirectConstructorHandleAccessor')}
  0x0000020c001e806c: 488b fe48 | bbc0 d855 | 540c 0200 | 008b 7f08 | 49ba 0000 | 0013 0c02 | 0000 4903 | fa48 3bbb 
  0x0000020c001e808c: 5003 0000 | 750d 4883 | 8358 0300 | 0001 e960 | 0000 0048 | 3bbb 6003 | 0000 750d | 4883 8368 
  0x0000020c001e80ac: 0300 0001 | e94a 0000 | 0048 83bb | 5003 0000 | 0075 1748 | 89bb 5003 | 0000 48c7 | 8358 0300 
  0x0000020c001e80cc: 0001 0000 | 00e9 2900 | 0000 4883 | bb60 0300 | 0000 7517 | 4889 bb60 | 0300 0048 | c783 6803 
  0x0000020c001e80ec: 0000 0100 | 0000 e908 | 0000 0048 | 8383 4003 | 0000 0148 | 8bd6 0f1f 

  0x0000020c001e8104: ;   {optimized virtual_call}
  0x0000020c001e8104: 4400 00e8 

  0x0000020c001e8108: ; ImmutableOopMap {[160]=Oop }
                      ;*invokevirtual invokeExact {reexecute=0 rethrow=0 return_oop=0}
                      ; - jdk.internal.reflect.DirectConstructorHandleAccessor::invokeImpl@99 (line 90)
                      ; - jdk.internal.reflect.DirectConstructorHandleAccessor::newInstance@60 (line 62)
  0x0000020c001e8108: 7469 3907 

  0x0000020c001e810c: ;   {other}
  0x0000020c001e810c: 0f1f 8400 | fc07 0000 

  0x0000020c001e8114: ;   {metadata(method data for {method} {0x0000020c131a0318} 'invokeImpl' '([Ljava/lang/Object;)Ljava/lang/Object;' in 'jdk/internal/reflect/DirectConstructorHandleAccessor')}
  0x0000020c001e8114: 49b8 c0d8 | 5554 0c02 | 0000 4d8d | 8088 0300 | 0048 85c0 | 750d 41f6 | 0001 754e | f049 8308 
  0x0000020c001e8134: 01eb 4744 | 8b48 0849 | ba00 0000 | 130c 0200 | 004d 03ca | 4d8b d14d | 3308 49f7 | c1fc ffff 
  0x0000020c001e8154: ff74 2741 | f6c1 0275 | 2149 f700 | feff ffff | 7415 4d8b | ca4d 3308 | 49f7 c1fc | ffff ff74 
  0x0000020c001e8174: 0949 8308 | 02eb 034d | 8908 4881 | c440 0100 

  0x0000020c001e8184: ;   {poll_return}
  0x0000020c001e8184: 005d 493b | a750 0400 | 000f 875b | 1d00 00c3 | 8b5a 1041 | 8378 0c00 | 0f86 6c1d | 0000 458b 
  0x0000020c001e81a4: 4810 4183 | 780c 010f | 866f 1d00 | 0041 8b78 | 1441 8378 | 0c02 0f86 | 721d 0000 | 418b 7018 
  0x0000020c001e81c4: 0f1f 4000 

  0x0000020c001e81c8: ;   {no_reloc}
  0x0000020c001e81c8: e986 1d00 | 0090 9090 | 9090 483b 

  0x0000020c001e81d4: ;   {metadata(method data for {method} {0x0000020c131a0318} 'invokeImpl' '([Ljava/lang/Object;)Ljava/lang/Object;' in 'jdk/internal/reflect/DirectConstructorHandleAccessor')}
  0x0000020c001e81d4: 0349 b8c0 | d855 540c | 0200 004d | 8d80 f802 | 0000 4d85 | c975 0f41 | f640 0801 | 7553 f049 
  0x0000020c001e81f4: 8348 0801 | eb4b 418b | 4908 49ba | 0000 0013 | 0c02 0000 | 4903 ca4c | 8bd1 4933 | 4808 48f7 
  0x0000020c001e8214: c1fc ffff | ff74 2af6 | c102 7525 | 49f7 4008 | feff ffff | 7417 498b | ca49 3348 | 0848 f7c1 
  0x0000020c001e8234: fcff ffff | 740b 4983 | 4808 02eb | 0449 8948 | 0848 85ff | 750f 41f6 | 4018 0175 | 52f0 4983 
  0x0000020c001e8254: 4818 01eb | 4a8b 4f08 | 49ba 0000 | 0013 0c02 | 0000 4903 | ca4c 8bd1 | 4933 4818 | 48f7 c1fc 
  0x0000020c001e8274: ffff ff74 | 2af6 c102 | 7525 49f7 | 4018 feff | ffff 7417 | 498b ca49 | 3348 1848 | f7c1 fcff 
  0x0000020c001e8294: ffff 740b | 4983 4818 | 02eb 0449 | 8948 184c 

  0x0000020c001e82a4: ;   {metadata(method data for {method} {0x0000020c131a0318} 'invokeImpl' '([Ljava/lang/Object;)Ljava/lang/Object;' in 'jdk/internal/reflect/DirectConstructorHandleAccessor')}
  0x0000020c001e82a4: 8bc3 48b9 | c0d8 5554 | 0c02 0000 | 458b 4008 | 49ba 0000 | 0013 0c02 | 0000 4d03 | c24c 3b81 
  0x0000020c001e82c4: d002 0000 | 750d 4883 | 81d8 0200 | 0001 e960 | 0000 004c | 3b81 e002 | 0000 750d | 4883 81e8 
  0x0000020c001e82e4: 0200 0001 | e94a 0000 | 0048 83b9 | d002 0000 | 0075 174c | 8981 d002 | 0000 48c7 | 81d8 0200 
  0x0000020c001e8304: 0001 0000 | 00e9 2900 | 0000 4883 | b9e0 0200 | 0000 7517 | 4c89 81e0 | 0200 0048 | c781 e802 
  0x0000020c001e8324: 0000 0100 | 0000 e908 | 0000 0048 | 8381 c002 | 0000 014d | 8bc1 4c8b | cf48 8bfe | 488b f048 
  0x0000020c001e8344: ;   {optimized virtual_call}
  0x0000020c001e8344: 8bd3 90e8 

  0x0000020c001e8348: ; ImmutableOopMap {[160]=Oop }
                      ;*invokevirtual invokeExact {reexecute=0 rethrow=0 return_oop=0}
                      ; - jdk.internal.reflect.DirectConstructorHandleAccessor::invokeImpl@88 (line 89)
                      ; - jdk.internal.reflect.DirectConstructorHandleAccessor::newInstance@60 (line 62)
  0x0000020c001e8348: 3467 3907 

  0x0000020c001e834c: ;   {other}
  0x0000020c001e834c: 0f1f 8400 | 3c0a 0001 

  0x0000020c001e8354: ;   {metadata(method data for {method} {0x0000020c131a0318} 'invokeImpl' '([Ljava/lang/Object;)Ljava/lang/Object;' in 'jdk/internal/reflect/DirectConstructorHandleAccessor')}
  0x0000020c001e8354: 48ba c0d8 | 5554 0c02 | 0000 488d | 9218 0300 | 0048 85c0 | 750c f602 | 0175 4df0 | 4883 0a01 
  0x0000020c001e8374: eb46 8b70 | 0849 ba00 | 0000 130c | 0200 0049 | 03f2 4c8b | d648 3332 | 48f7 c6fc | ffff ff74 
  0x0000020c001e8394: 2740 f6c6 | 0275 2148 | f702 feff | ffff 7415 | 498b f248 | 3332 48f7 | c6fc ffff | ff74 0948 
  0x0000020c001e83b4: 830a 02eb | 0348 8932 

  0x0000020c001e83bc: ;   {metadata(method data for {method} {0x0000020c131a0318} 'invokeImpl' '([Ljava/lang/Object;)Ljava/lang/Object;' in 'jdk/internal/reflect/DirectConstructorHandleAccessor')}
  0x0000020c001e83bc: 48ba c0d8 | 5554 0c02 | 0000 ff82 | 2803 0000 | 4881 c440 | 0100 005d 

  0x0000020c001e83d4: ;   {poll_return}
  0x0000020c001e83d4: 493b a750 | 0400 000f | 8781 1b00 | 00c3 8b72 | 1048 89b4 | 24b8 0000 | 0041 8378 | 0c00 0f86 
  0x0000020c001e83f4: 8a1b 0000 | 418b 7810 | 4889 bc24 | a800 0000 | 4183 780c | 010f 8685 | 1b00 0041 | 8b58 1448 
  0x0000020c001e8414: 899c 24b0 

  0x0000020c001e8418: ;   {metadata(method data for {method} {0x0000020c131a0318} 'invokeImpl' '([Ljava/lang/Object;)Ljava/lang/Object;' in 'jdk/internal/reflect/DirectConstructorHandleAccessor')}
  0x0000020c001e8418: 0000 0048 | b8c0 d855 | 540c 0200 | 0048 8d80 | 7802 0000 | 4885 ff75 | 0ef6 4008 | 0175 52f0 
  0x0000020c001e8438: 4883 4808 | 01eb 4a8b | 4f08 49ba | 0000 0013 | 0c02 0000 | 4903 ca4c | 8bd1 4833 | 4808 48f7 
  0x0000020c001e8458: c1fc ffff | ff74 2af6 | c102 7525 | 48f7 4008 | feff ffff | 7417 498b | ca48 3348 | 0848 f7c1 
  0x0000020c001e8478: fcff ffff | 740b 4883 | 4808 02eb | 0448 8948 

  0x0000020c001e8488: ;   {metadata(method data for {method} {0x0000020c130b1280} 'invokeExact_MT' '(Ljava/lang/Object;Ljava/lang/Object;Ljava/lang/Object;Ljava/lang/Object;)Ljava/lang/Object;' in 'java/lang/invoke/Invokers$Holder')}
  0x0000020c001e8488: 0848 b8f8 | e155 540c | 0200 0048 | 8d80 b802 | 0000 4885 | f675 0cf6 | 0001 754c | f048 8308 
  0x0000020c001e84a8: 01eb 458b | 4e08 49ba | 0000 0013 | 0c02 0000 | 4903 ca4c | 8bd1 4833 | 0848 f7c1 | fcff ffff 
  0x0000020c001e84c8: 7426 f6c1 | 0275 2148 | f700 feff | ffff 7415 | 498b ca48 | 3308 48f7 | c1fc ffff | ff74 0948 
  0x0000020c001e84e8: 8308 02eb | 0348 8908 | 4885 ff75 | 0ef6 4010 | 0175 52f0 | 4883 4810 | 01eb 4a8b | 4f08 49ba 
  0x0000020c001e8508: 0000 0013 | 0c02 0000 | 4903 ca4c | 8bd1 4833 | 4810 48f7 | c1fc ffff | ff74 2af6 | c102 7525 
  0x0000020c001e8528: 48f7 4010 | feff ffff | 7417 498b | ca48 3348 | 1048 f7c1 | fcff ffff | 740b 4883 | 4810 02eb 
  0x0000020c001e8548: 0448 8948 

  0x0000020c001e854c: ;   {metadata(method data for {method} {0x0000020c131a0318} 'invokeImpl' '([Ljava/lang/Object;)Ljava/lang/Object;' in 'jdk/internal/reflect/DirectConstructorHandleAccessor')}
  0x0000020c001e854c: 1048 b8c0 | d855 540c | 0200 0048 | 8380 4002 

  0x0000020c001e855c: ;   {metadata(method data for {method} {0x0000020c130b1280} 'invokeExact_MT' '(Ljava/lang/Object;Ljava/lang/Object;Ljava/lang/Object;Ljava/lang/Object;)Ljava/lang/Object;' in 'java/lang/invoke/Invokers$Holder')}
  0x0000020c001e855c: 0000 0148 | b8f8 e155 | 540c 0200 | 008b 88cc | 0000 0083 | c102 8988 | cc00 0000 | 81e1 feff 
  0x0000020c001e857c: 1f00 85c9 | 0f84 201a 

  0x0000020c001e8584: ;   {metadata(method data for {method} {0x0000020c130b1280} 'invokeExact_MT' '(Ljava/lang/Object;Ljava/lang/Object;Ljava/lang/Object;Ljava/lang/Object;)Ljava/lang/Object;' in 'java/lang/invoke/Invokers$Holder')}
  0x0000020c001e8584: 0000 48b8 | f8e1 5554 | 0c02 0000 | 488d 8090 | 0100 0048 | 85f6 750e | f640 0801 | 7552 f048 
  0x0000020c001e85a4: 8348 0801 | eb4a 8b4e | 0849 ba00 | 0000 130c | 0200 0049 | 03ca 4c8b | d148 3348 | 0848 f7c1 
  0x0000020c001e85c4: fcff ffff | 742a f6c1 | 0275 2548 | f740 08fe | ffff ff74 | 1749 8bca | 4833 4808 | 48f7 c1fc 
  0x0000020c001e85e4: ffff ff74 | 0b48 8348 | 0802 eb04 | 4889 4808 

  0x0000020c001e85f4: ;   {oop(a 'java/lang/invoke/MethodType'{0x0000000088625de8} = (Ljava/lang/Object;Ljava/lang/Object;)Ljava/lang/Object;)}
  0x0000020c001e85f4: 48b9 e85d | 6288 0000 | 0000 4885 | c975 0cf6 | 4018 0175 | 06f0 4883 

  0x0000020c001e860c: ;   {metadata(method data for {method} {0x0000020c130b1280} 'invokeExact_MT' '(Ljava/lang/Object;Ljava/lang/Object;Ljava/lang/Object;Ljava/lang/Object;)Ljava/lang/Object;' in 'java/lang/invoke/Invokers$Holder')}
  0x0000020c001e860c: 4818 0148 | b8f8 e155 | 540c 0200 | 0048 8380 | 8001 0000 

  0x0000020c001e8620: ;   {metadata(method data for {method} {0x0000020c133e53a0} 'checkExactType' '(Ljava/lang/invoke/MethodHandle;Ljava/lang/invoke/MethodType;)V' in 'java/lang/invoke/Invokers')}
  0x0000020c001e8620: 0148 b888 | 3223 540c | 0200 0044 | 8b80 cc00 | 0000 4183 | c002 4489 | 80cc 0000 | 0041 81e0 
  0x0000020c001e8640: feff 1f00 | 4585 c00f | 847a 1900 | 0048 3b06 

  0x0000020c001e8650: ;   {metadata(method data for {method} {0x0000020c133e53a0} 'checkExactType' '(Ljava/lang/invoke/MethodHandle;Ljava/lang/invoke/MethodType;)V' in 'java/lang/invoke/Invokers')}
  0x0000020c001e8650: 488b c649 | b888 3223 | 540c 0200 | 008b 4008 | 49ba 0000 | 0013 0c02 | 0000 4903 | c249 3b80 
  0x0000020c001e8670: 2001 0000 | 750d 4983 | 8028 0100 | 0001 e960 | 0000 0049 | 3b80 3001 | 0000 750d | 4983 8038 
  0x0000020c001e8690: 0100 0001 | e94a 0000 | 0049 83b8 | 2001 0000 | 0075 1749 | 8980 2001 | 0000 49c7 | 8028 0100 
  0x0000020c001e86b0: 0001 0000 | 00e9 2900 | 0000 4983 | b830 0100 | 0000 7517 | 4989 8030 | 0100 0049 | c780 3801 
  0x0000020c001e86d0: 0000 0100 | 0000 e908 | 0000 0049 | 8380 1001 | 0000 018b | 4610 483b 

  0x0000020c001e86e8: ;   {metadata(method data for {method} {0x0000020c133e53a0} 'checkExactType' '(Ljava/lang/invoke/MethodHandle;Ljava/lang/invoke/MethodType;)V' in 'java/lang/invoke/Invokers')}
  0x0000020c001e86e8: c148 b988 | 3223 540c | 0200 0049 | b858 0100 | 0000 0000 | 0075 0a49 | b848 0100 | 0000 0000 
  0x0000020c001e8708: 004e 8b0c | 014d 8d49 | 014e 890c | 010f 85b4 

  0x0000020c001e8718: ;   {metadata(method data for {method} {0x0000020c130b1280} 'invokeExact_MT' '(Ljava/lang/Object;Ljava/lang/Object;Ljava/lang/Object;Ljava/lang/Object;)Ljava/lang/Object;' in 'java/lang/invoke/Invokers$Holder')}
  0x0000020c001e8718: 0e00 0048 | b8f8 e155 | 540c 0200 | 0048 8d80 | c801 0000 | 8b4e 0849 | ba00 0000 | 130c 0200 
  0x0000020c001e8738: 0049 03ca | 4c8b d148 | 3348 0848 | f7c1 fcff | ffff 742a | f6c1 0275 | 2548 f740 | 08fe ffff 
  0x0000020c001e8758: ff74 1749 | 8bca 4833 | 4808 48f7 | c1fc ffff | ff74 0b48 | 8348 0802 | eb04 4889 

  0x0000020c001e8774: ;   {metadata(method data for {method} {0x0000020c130b1280} 'invokeExact_MT' '(Ljava/lang/Object;Ljava/lang/Object;Ljava/lang/Object;Ljava/lang/Object;)Ljava/lang/Object;' in 'java/lang/invoke/Invokers$Holder')}
  0x0000020c001e8774: 4808 48b8 | f8e1 5554 | 0c02 0000 | 4883 80b8 | 0100 0001 

  0x0000020c001e8788: ;   {metadata(method data for {method} {0x0000020c133e5298} 'checkCustomized' '(Ljava/lang/invoke/MethodHandle;)V' in 'java/lang/invoke/Invokers')}
  0x0000020c001e8788: 48b8 d836 | 2354 0c02 | 0000 8b88 | cc00 0000 | 83c1 0289 | 88cc 0000 | 0081 e1fe | ff1f 0085 
  0x0000020c001e87a8: c90f 843e 

  0x0000020c001e87ac: ;   {metadata(method data for {method} {0x0000020c133e5298} 'checkCustomized' '(Ljava/lang/invoke/MethodHandle;)V' in 'java/lang/invoke/Invokers')}
  0x0000020c001e87ac: 1800 0048 | b8d8 3623 | 540c 0200 | 0048 8380 | 1001 0000 

  0x0000020c001e87c0: ;   {metadata(method data for {method} {0x0000020c13096ff8} 'isCompileConstant' '(Ljava/lang/Object;)Z' in 'java/lang/invoke/MethodHandleImpl')}
  0x0000020c001e87c0: 0148 b888 | 3823 540c | 0200 008b | 88cc 0000 | 0083 c102 | 8988 cc00 | 0000 81e1 | feff 1f00 
  0x0000020c001e87e0: 85c9 0f84 | 2618 0000 

  0x0000020c001e87e8: ;   {metadata(method data for {method} {0x0000020c133e5298} 'checkCustomized' '(Ljava/lang/invoke/MethodHandle;)V' in 'java/lang/invoke/Invokers')}
  0x0000020c001e87e8: 48b8 d836 | 2354 0c02 | 0000 ff80 | 2001 0000 | 8b46 148b | 401c 4885 

  0x0000020c001e8800: ;   {metadata(method data for {method} {0x0000020c133e5298} 'checkCustomized' '(Ljava/lang/invoke/MethodHandle;)V' in 'java/lang/invoke/Invokers')}
  0x0000020c001e8800: c048 b8d8 | 3623 540c | 0200 0048 | b940 0100 | 0000 0000 | 0075 0a48 | b950 0100 | 0000 0000 
  0x0000020c001e8820: 004c 8b04 | 084d 8d40 | 014c 8904 | 080f 8529 

  0x0000020c001e8830: ;   {metadata(method data for {method} {0x0000020c133e5298} 'checkCustomized' '(Ljava/lang/invoke/MethodHandle;)V' in 'java/lang/invoke/Invokers')}
  0x0000020c001e8830: 0000 0048 | b8d8 3623 | 540c 0200 | 0048 8380 | 6001 0000 | 0148 8bd6 | 0f1f 8000 

  0x0000020c001e884c: ;   {static_call}
  0x0000020c001e884c: 0000 00e8 

  0x0000020c001e8850: ; ImmutableOopMap {[160]=Oop [168]=Oop [176]=Oop [184]=Oop }
                      ;*invokestatic maybeCustomize {reexecute=0 rethrow=0 return_oop=0}
                      ; - java.lang.invoke.Invokers::checkCustomized@19 (line 627)
                      ; - java.lang.invoke.Invokers$Holder::invokeExact_MT@14
                      ; - jdk.internal.reflect.DirectConstructorHandleAccessor::invokeImpl@69 (line 88)
                      ; - jdk.internal.reflect.DirectConstructorHandleAccessor::newInstance@60 (line 62)
  0x0000020c001e8850: ecf2 f6ff 

  0x0000020c001e8854: ;   {other}
  0x0000020c001e8854: 0f1f 8400 | 440f 0002 | 488b 9c24 | b000 0000 | 488b bc24 | a800 0000 

  0x0000020c001e886c: ;   {metadata(method data for {method} {0x0000020c130b1280} 'invokeExact_MT' '(Ljava/lang/Object;Ljava/lang/Object;Ljava/lang/Object;Ljava/lang/Object;)Ljava/lang/Object;' in 'java/lang/invoke/Invokers$Holder')}
  0x0000020c001e886c: 49b8 f8e1 | 5554 0c02 | 0000 4d8d | 8018 0200 | 0048 85ff | 750f 41f6 | 4008 0175 | 54f0 4983 
  0x0000020c001e888c: 4808 01eb | 4c44 8b4f | 0849 ba00 | 0000 130c | 0200 004d | 03ca 4d8b | d14d 3348 | 0849 f7c1 
  0x0000020c001e88ac: fcff ffff | 742b 41f6 | c102 7525 | 49f7 4008 | feff ffff | 7417 4d8b | ca4d 3348 | 0849 f7c1 
  0x0000020c001e88cc: fcff ffff | 740b 4983 | 4808 02eb | 044d 8948 | 0848 85db | 750f 41f6 | 4018 0175 | 54f0 4983 
  0x0000020c001e88ec: 4818 01eb | 4c44 8b4b | 0849 ba00 | 0000 130c | 0200 004d | 03ca 4d8b | d14d 3348 | 1849 f7c1 
  0x0000020c001e890c: fcff ffff | 742b 41f6 | c102 7525 | 49f7 4018 | feff ffff | 7417 4d8b | ca4d 3348 | 1849 f7c1 
  0x0000020c001e892c: fcff ffff | 740b 4983 | 4818 02eb | 044d 8948 | 1848 8bb4 | 24b8 0000 

  0x0000020c001e8944: ;   {metadata(method data for {method} {0x0000020c130b1280} 'invokeExact_MT' '(Ljava/lang/Object;Ljava/lang/Object;Ljava/lang/Object;Ljava/lang/Object;)Ljava/lang/Object;' in 'java/lang/invoke/Invokers$Holder')}
  0x0000020c001e8944: 0049 b8f8 | e155 540c | 0200 0049 | 8380 e001 | 0000 014c | 8bc7 4c8b | cb48 8b94 | 24b8 0000 
  0x0000020c001e8964: ;   {optimized virtual_call}
  0x0000020c001e8964: 0066 90e8 

  0x0000020c001e8968: ; ImmutableOopMap {[160]=Oop }
                      ;*invokevirtual invokeBasic {reexecute=0 rethrow=0 return_oop=0}
                      ; - java.lang.invoke.Invokers$Holder::invokeExact_MT@20
                      ; - jdk.internal.reflect.DirectConstructorHandleAccessor::invokeImpl@69 (line 88)
                      ; - jdk.internal.reflect.DirectConstructorHandleAccessor::newInstance@60 (line 62)
  0x0000020c001e8968: 1473 8f07 

  0x0000020c001e896c: ;   {other}
  0x0000020c001e896c: 0f1f 8400 | 5c10 0003 

  0x0000020c001e8974: ;   {metadata(method data for {method} {0x0000020c130b1280} 'invokeExact_MT' '(Ljava/lang/Object;Ljava/lang/Object;Ljava/lang/Object;Ljava/lang/Object;)Ljava/lang/Object;' in 'java/lang/invoke/Invokers$Holder')}
  0x0000020c001e8974: 48ba f8e1 | 5554 0c02 | 0000 488d | 9238 0200 | 0048 85c0 | 750c f602 | 0175 4df0 | 4883 0a01 
  0x0000020c001e8994: eb46 8b70 | 0849 ba00 | 0000 130c | 0200 0049 | 03f2 4c8b | d648 3332 | 48f7 c6fc | ffff ff74 
  0x0000020c001e89b4: 2740 f6c6 | 0275 2148 | f702 feff | ffff 7415 | 498b f248 | 3332 48f7 | c6fc ffff | ff74 0948 
  0x0000020c001e89d4: 830a 02eb | 0348 8932 

  0x0000020c001e89dc: ;   {metadata(method data for {method} {0x0000020c131a0318} 'invokeImpl' '([Ljava/lang/Object;)Ljava/lang/Object;' in 'jdk/internal/reflect/DirectConstructorHandleAccessor')}
  0x0000020c001e89dc: 48ba c0d8 | 5554 0c02 | 0000 488d | 9298 0200 | 0048 85c0 | 750c f602 | 0175 4df0 | 4883 0a01 
  0x0000020c001e89fc: eb46 8b70 | 0849 ba00 | 0000 130c | 0200 0049 | 03f2 4c8b | d648 3332 | 48f7 c6fc | ffff ff74 
  0x0000020c001e8a1c: 2740 f6c6 | 0275 2148 | f702 feff | ffff 7415 | 498b f248 | 3332 48f7 | c6fc ffff | ff74 0948 
  0x0000020c001e8a3c: 830a 02eb | 0348 8932 

  0x0000020c001e8a44: ;   {metadata(method data for {method} {0x0000020c131a0318} 'invokeImpl' '([Ljava/lang/Object;)Ljava/lang/Object;' in 'jdk/internal/reflect/DirectConstructorHandleAccessor')}
  0x0000020c001e8a44: 48ba c0d8 | 5554 0c02 | 0000 ff82 | a802 0000 | 4881 c440 | 0100 005d 

  0x0000020c001e8a5c: ;   {poll_return}
  0x0000020c001e8a5c: 493b a750 | 0400 000f | 87cb 1500 | 00c3 8b72 | 1048 89b4 | 24c8 0000 | 0041 8378 | 0c00 0f86 
  0x0000020c001e8a7c: d415 0000 | 418b 7810 | 4889 bc24 | c000 0000 

  0x0000020c001e8a8c: ;   {metadata(method data for {method} {0x0000020c131a0318} 'invokeImpl' '([Ljava/lang/Object;)Ljava/lang/Object;' in 'jdk/internal/reflect/DirectConstructorHandleAccessor')}
  0x0000020c001e8a8c: 48bb c0d8 | 5554 0c02 | 0000 488d | 9b08 0200 | 0048 85ff | 750e f643 | 0801 754f | f048 834b 
  0x0000020c001e8aac: 0801 eb47 | 8b47 0849 | ba00 0000 | 130c 0200 | 0049 03c2 | 4c8b d048 | 3343 0848 | a9fc ffff 
  0x0000020c001e8acc: ff74 28a8 | 0275 2448 | f743 08fe | ffff ff74 | 1649 8bc2 | 4833 4308 | 48a9 fcff | ffff 740b 
  0x0000020c001e8aec: 4883 4b08 | 02eb 0448 

  0x0000020c001e8af4: ;   {metadata(method data for {method} {0x0000020c130b1330} 'invokeExact_MT' '(Ljava/lang/Object;Ljava/lang/Object;Ljava/lang/Object;)Ljava/lang/Object;' in 'java/lang/invoke/Invokers$Holder')}
  0x0000020c001e8af4: 8943 0848 | bb40 df55 | 540c 0200 | 0048 8d9b | a002 0000 | 4885 f675 | 0cf6 0301 | 7549 f048 
  0x0000020c001e8b14: 830b 01eb | 428b 4608 | 49ba 0000 | 0013 0c02 | 0000 4903 | c24c 8bd0 | 4833 0348 | a9fc ffff 
  0x0000020c001e8b34: ff74 24a8 | 0275 2048 | f703 feff | ffff 7414 | 498b c248 | 3303 48a9 | fcff ffff | 7409 4883 
  0x0000020c001e8b54: 0b02 eb03 | 4889 0348 | 85ff 750e | f643 1001 | 754f f048 | 834b 1001 | eb47 8b47 | 0849 ba00 
  0x0000020c001e8b74: 0000 130c | 0200 0049 | 03c2 4c8b | d048 3343 | 1048 a9fc | ffff ff74 | 28a8 0275 | 2448 f743 
  0x0000020c001e8b94: 10fe ffff | ff74 1649 | 8bc2 4833 | 4310 48a9 | fcff ffff | 740b 4883 | 4b10 02eb | 0448 8943 
  0x0000020c001e8bb4: ;   {metadata(method data for {method} {0x0000020c131a0318} 'invokeImpl' '([Ljava/lang/Object;)Ljava/lang/Object;' in 'jdk/internal/reflect/DirectConstructorHandleAccessor')}
  0x0000020c001e8bb4: 1048 bbc0 | d855 540c | 0200 0048 | 8383 d001 

  0x0000020c001e8bc4: ;   {metadata(method data for {method} {0x0000020c130b1330} 'invokeExact_MT' '(Ljava/lang/Object;Ljava/lang/Object;Ljava/lang/Object;)Ljava/lang/Object;' in 'java/lang/invoke/Invokers$Holder')}
  0x0000020c001e8bc4: 0000 0148 | bb40 df55 | 540c 0200 | 008b 83cc | 0000 0083 | c002 8983 | cc00 0000 | 25fe ff1f 
  0x0000020c001e8be4: 0085 c00f | 8479 1400 

  0x0000020c001e8bec: ;   {metadata(method data for {method} {0x0000020c130b1330} 'invokeExact_MT' '(Ljava/lang/Object;Ljava/lang/Object;Ljava/lang/Object;)Ljava/lang/Object;' in 'java/lang/invoke/Invokers$Holder')}
  0x0000020c001e8bec: 0048 bb40 | df55 540c | 0200 0048 | 8d9b 9001 | 0000 4885 | f675 0ef6 | 4308 0175 | 4ff0 4883 
  0x0000020c001e8c0c: 4b08 01eb | 478b 4608 | 49ba 0000 | 0013 0c02 | 0000 4903 | c24c 8bd0 | 4833 4308 | 48a9 fcff 
  0x0000020c001e8c2c: ffff 7428 | a802 7524 | 48f7 4308 | feff ffff | 7416 498b | c248 3343 | 0848 a9fc | ffff ff74 
  0x0000020c001e8c4c: 0b48 834b | 0802 eb04 | 4889 4308 

  0x0000020c001e8c58: ;   {oop(a 'java/lang/invoke/MethodType'{0x0000000088625cb8} = (Ljava/lang/Object;)Ljava/lang/Object;)}
  0x0000020c001e8c58: 48b8 b85c | 6288 0000 | 0000 4885 | c075 0cf6 | 4318 0175 | 06f0 4883 

  0x0000020c001e8c70: ;   {metadata(method data for {method} {0x0000020c130b1330} 'invokeExact_MT' '(Ljava/lang/Object;Ljava/lang/Object;Ljava/lang/Object;)Ljava/lang/Object;' in 'java/lang/invoke/Invokers$Holder')}
  0x0000020c001e8c70: 4b18 0148 | bb40 df55 | 540c 0200 | 0048 8383 | 8001 0000 

  0x0000020c001e8c84: ;   {metadata(method data for {method} {0x0000020c133e53a0} 'checkExactType' '(Ljava/lang/invoke/MethodHandle;Ljava/lang/invoke/MethodType;)V' in 'java/lang/invoke/Invokers')}
  0x0000020c001e8c84: 0148 bb88 | 3223 540c | 0200 008b | 8bcc 0000 | 0083 c102 | 898b cc00 | 0000 81e1 | feff 1f00 
  0x0000020c001e8ca4: 85c9 0f84 | db13 0000 

  0x0000020c001e8cac: ; implicit exception: dispatches to 0x0000020c001ea0a8
  0x0000020c001e8cac: 483b 0648 

  0x0000020c001e8cb0: ;   {metadata(method data for {method} {0x0000020c133e53a0} 'checkExactType' '(Ljava/lang/invoke/MethodHandle;Ljava/lang/invoke/MethodType;)V' in 'java/lang/invoke/Invokers')}
  0x0000020c001e8cb0: 8bde 48b9 | 8832 2354 | 0c02 0000 | 8b5b 0849 | ba00 0000 | 130c 0200 | 0049 03da | 483b 9920 
  0x0000020c001e8cd0: 0100 0075 | 0d48 8381 | 2801 0000 | 01e9 6000 | 0000 483b | 9930 0100 | 0075 0d48 | 8381 3801 
  0x0000020c001e8cf0: 0000 01e9 | 4a00 0000 | 4883 b920 | 0100 0000 | 7517 4889 | 9920 0100 | 0048 c781 | 2801 0000 
  0x0000020c001e8d10: 0100 0000 | e929 0000 | 0048 83b9 | 3001 0000 | 0075 1748 | 8999 3001 | 0000 48c7 | 8138 0100 
  0x0000020c001e8d30: 0001 0000 | 00e9 0800 | 0000 4883 | 8110 0100 | 0001 8b5e | 1048 3bd8 

  0x0000020c001e8d48: ;   {metadata(method data for {method} {0x0000020c133e53a0} 'checkExactType' '(Ljava/lang/invoke/MethodHandle;Ljava/lang/invoke/MethodType;)V' in 'java/lang/invoke/Invokers')}
  0x0000020c001e8d48: 48b8 8832 | 2354 0c02 | 0000 48b9 | 5801 0000 | 0000 0000 | 750a 48b9 | 4801 0000 | 0000 0000 
  0x0000020c001e8d68: 4c8b 0408 | 4d8d 4001 | 4c89 0408 | 0f85 1508 

  0x0000020c001e8d78: ;   {metadata(method data for {method} {0x0000020c130b1330} 'invokeExact_MT' '(Ljava/lang/Object;Ljava/lang/Object;Ljava/lang/Object;)Ljava/lang/Object;' in 'java/lang/invoke/Invokers$Holder')}
  0x0000020c001e8d78: 0000 48bb | 40df 5554 | 0c02 0000 | 488d 9bc8 | 0100 008b | 4608 49ba | 0000 0013 | 0c02 0000 
  0x0000020c001e8d98: 4903 c24c | 8bd0 4833 | 4308 48a9 | fcff ffff | 7428 a802 | 7524 48f7 | 4308 feff | ffff 7416 
  0x0000020c001e8db8: 498b c248 | 3343 0848 | a9fc ffff | ff74 0b48 | 834b 0802 | eb04 4889 

  0x0000020c001e8dd0: ;   {metadata(method data for {method} {0x0000020c130b1330} 'invokeExact_MT' '(Ljava/lang/Object;Ljava/lang/Object;Ljava/lang/Object;)Ljava/lang/Object;' in 'java/lang/invoke/Invokers$Holder')}
  0x0000020c001e8dd0: 4308 48bb | 40df 5554 | 0c02 0000 | 4883 83b8 | 0100 0001 

  0x0000020c001e8de4: ;   {metadata(method data for {method} {0x0000020c133e5298} 'checkCustomized' '(Ljava/lang/invoke/MethodHandle;)V' in 'java/lang/invoke/Invokers')}
  0x0000020c001e8de4: 48bb d836 | 2354 0c02 | 0000 8b83 | cc00 0000 | 83c0 0289 | 83cc 0000 | 0025 feff | 1f00 85c0 
  0x0000020c001e8e04: 0f84 a312 

  0x0000020c001e8e08: ;   {metadata(method data for {method} {0x0000020c133e5298} 'checkCustomized' '(Ljava/lang/invoke/MethodHandle;)V' in 'java/lang/invoke/Invokers')}
  0x0000020c001e8e08: 0000 48bb | d836 2354 | 0c02 0000 | 4883 8310 | 0100 0001 

  0x0000020c001e8e1c: ;   {metadata(method data for {method} {0x0000020c13096ff8} 'isCompileConstant' '(Ljava/lang/Object;)Z' in 'java/lang/invoke/MethodHandleImpl')}
  0x0000020c001e8e1c: 48bb 8838 | 2354 0c02 | 0000 8b83 | cc00 0000 | 83c0 0289 | 83cc 0000 | 0025 feff | 1f00 85c0 
  0x0000020c001e8e3c: 0f84 8c12 

  0x0000020c001e8e40: ;   {metadata(method data for {method} {0x0000020c133e5298} 'checkCustomized' '(Ljava/lang/invoke/MethodHandle;)V' in 'java/lang/invoke/Invokers')}
  0x0000020c001e8e40: 0000 48bb | d836 2354 | 0c02 0000 | ff83 2001 | 0000 8b5e | 148b 5b1c 

  0x0000020c001e8e58: ;   {metadata(method data for {method} {0x0000020c133e5298} 'checkCustomized' '(Ljava/lang/invoke/MethodHandle;)V' in 'java/lang/invoke/Invokers')}
  0x0000020c001e8e58: 4885 db48 | bbd8 3623 | 540c 0200 | 0048 b840 | 0100 0000 | 0000 0075 | 0a48 b850 | 0100 0000 
  0x0000020c001e8e78: 0000 0048 | 8b0c 0348 | 8d49 0148 | 890c 030f | 8527 0000 

  0x0000020c001e8e8c: ;   {metadata(method data for {method} {0x0000020c133e5298} 'checkCustomized' '(Ljava/lang/invoke/MethodHandle;)V' in 'java/lang/invoke/Invokers')}
  0x0000020c001e8e8c: 0048 bbd8 | 3623 540c | 0200 0048 | 8383 6001 | 0000 0148 | 8bd6 0f1f 

  0x0000020c001e8ea4: ;   {static_call}
  0x0000020c001e8ea4: 4400 00e8 

  0x0000020c001e8ea8: ; ImmutableOopMap {[160]=Oop [192]=Oop [200]=Oop }
                      ;*invokestatic maybeCustomize {reexecute=0 rethrow=0 return_oop=0}
                      ; - java.lang.invoke.Invokers::checkCustomized@19 (line 627)
                      ; - java.lang.invoke.Invokers$Holder::invokeExact_MT@14
                      ; - jdk.internal.reflect.DirectConstructorHandleAccessor::invokeImpl@53 (line 87)
                      ; - jdk.internal.reflect.DirectConstructorHandleAccessor::newInstance@60 (line 62)
  0x0000020c001e8ea8: 94ec f6ff 

  0x0000020c001e8eac: ;   {other}
  0x0000020c001e8eac: 0f1f 8400 | 9c15 0004 | 488b bc24 | c000 0000 

  0x0000020c001e8ebc: ;   {metadata(method data for {method} {0x0000020c130b1330} 'invokeExact_MT' '(Ljava/lang/Object;Ljava/lang/Object;Ljava/lang/Object;)Ljava/lang/Object;' in 'java/lang/invoke/Invokers$Holder')}
  0x0000020c001e8ebc: 49b8 40df | 5554 0c02 | 0000 4d8d | 8018 0200 | 0048 85ff | 750f 41f6 | 4008 0175 | 52f0 4983 
  0x0000020c001e8edc: 4808 01eb | 4a8b 5708 | 49ba 0000 | 0013 0c02 | 0000 4903 | d24c 8bd2 | 4933 5008 | 48f7 c2fc 
  0x0000020c001e8efc: ffff ff74 | 2af6 c202 | 7525 49f7 | 4008 feff | ffff 7417 | 498b d249 | 3350 0848 | f7c2 fcff 
  0x0000020c001e8f1c: ffff 740b | 4983 4808 | 02eb 0449 | 8950 0848 | 8bb4 24c8 

  0x0000020c001e8f30: ;   {metadata(method data for {method} {0x0000020c130b1330} 'invokeExact_MT' '(Ljava/lang/Object;Ljava/lang/Object;Ljava/lang/Object;)Ljava/lang/Object;' in 'java/lang/invoke/Invokers$Holder')}
  0x0000020c001e8f30: 0000 0049 | b840 df55 | 540c 0200 | 0049 8380 | e001 0000 | 014c 8bc7 | 488b 9424 | c800 0000 
  0x0000020c001e8f50: 0f1f 8000 

  0x0000020c001e8f54: ;   {optimized virtual_call}
  0x0000020c001e8f54: 0000 00e8 

  0x0000020c001e8f58: ; ImmutableOopMap {[160]=Oop }
                      ;*invokevirtual invokeBasic {reexecute=0 rethrow=0 return_oop=0}
                      ; - java.lang.invoke.Invokers$Holder::invokeExact_MT@19
                      ; - jdk.internal.reflect.DirectConstructorHandleAccessor::invokeImpl@53 (line 87)
                      ; - jdk.internal.reflect.DirectConstructorHandleAccessor::newInstance@60 (line 62)
  0x0000020c001e8f58: 2479 8f07 

  0x0000020c001e8f5c: ;   {other}
  0x0000020c001e8f5c: 0f1f 8400 | 4c16 0005 

  0x0000020c001e8f64: ;   {metadata(method data for {method} {0x0000020c130b1330} 'invokeExact_MT' '(Ljava/lang/Object;Ljava/lang/Object;Ljava/lang/Object;)Ljava/lang/Object;' in 'java/lang/invoke/Invokers$Holder')}
  0x0000020c001e8f64: 48ba 40df | 5554 0c02 | 0000 488d | 9228 0200 | 0048 85c0 | 750c f602 | 0175 4df0 | 4883 0a01 
  0x0000020c001e8f84: eb46 8b70 | 0849 ba00 | 0000 130c | 0200 0049 | 03f2 4c8b | d648 3332 | 48f7 c6fc | ffff ff74 
  0x0000020c001e8fa4: 2740 f6c6 | 0275 2148 | f702 feff | ffff 7415 | 498b f248 | 3332 48f7 | c6fc ffff | ff74 0948 
  0x0000020c001e8fc4: 830a 02eb | 0348 8932 

  0x0000020c001e8fcc: ;   {metadata(method data for {method} {0x0000020c131a0318} 'invokeImpl' '([Ljava/lang/Object;)Ljava/lang/Object;' in 'jdk/internal/reflect/DirectConstructorHandleAccessor')}
  0x0000020c001e8fcc: 48ba c0d8 | 5554 0c02 | 0000 488d | 9218 0200 | 0048 85c0 | 750c f602 | 0175 4df0 | 4883 0a01 
  0x0000020c001e8fec: eb46 8b70 | 0849 ba00 | 0000 130c | 0200 0049 | 03f2 4c8b | d648 3332 | 48f7 c6fc | ffff ff74 
  0x0000020c001e900c: 2740 f6c6 | 0275 2148 | f702 feff | ffff 7415 | 498b f248 | 3332 48f7 | c6fc ffff | ff74 0948 
  0x0000020c001e902c: 830a 02eb | 0348 8932 

  0x0000020c001e9034: ;   {metadata(method data for {method} {0x0000020c131a0318} 'invokeImpl' '([Ljava/lang/Object;)Ljava/lang/Object;' in 'jdk/internal/reflect/DirectConstructorHandleAccessor')}
  0x0000020c001e9034: 48ba c0d8 | 5554 0c02 | 0000 ff82 | 2802 0000 | 4881 c440 | 0100 005d 

  0x0000020c001e904c: ;   {poll_return}
  0x0000020c001e904c: 493b a750 | 0400 000f | 879b 1000 | 00c3 8b72 | 1048 89b4 | 24d0 0000 

  0x0000020c001e9064: ;   {metadata(method data for {method} {0x0000020c130b12d8} 'invokeExact_MT' '(Ljava/lang/Object;Ljava/lang/Object;)Ljava/lang/Object;' in 'java/lang/invoke/Invokers$Holder')}
  0x0000020c001e9064: 0048 bfa0 | dc55 540c | 0200 0048 | 8dbf 8802 | 0000 4885 | f675 0cf6 | 0701 754c | f048 830f 
  0x0000020c001e9084: 01eb 458b | 5e08 49ba | 0000 0013 | 0c02 0000 | 4903 da4c | 8bd3 4833 | 1f48 f7c3 | fcff ffff 
  0x0000020c001e90a4: 7426 f6c3 | 0275 2148 | f707 feff | ffff 7415 | 498b da48 | 331f 48f7 | c3fc ffff | ff74 0948 
  0x0000020c001e90c4: 830f 02eb | 0348 891f 

  0x0000020c001e90cc: ;   {oop(a 'java/lang/invoke/MethodType'{0x0000000088623148} = ()Ljava/lang/Object;)}
  0x0000020c001e90cc: 48bb 4831 | 6288 0000 | 0000 4885 | db75 0ef6 | 4710 0175 | 49f0 4883 | 4f10 01eb 

  0x0000020c001e90e8: ;   {metadata('java/lang/invoke/MethodType')}
  0x0000020c001e90e8: 4148 b818 | 0406 130c | 0200 004c | 8bd0 4833 | 4710 48a9 | fcff ffff | 7428 a802 | 7524 48f7 
  0x0000020c001e9108: 4710 feff | ffff 7416 | 498b c248 | 3347 1048 | a9fc ffff | ff74 0b48 | 834f 1002 | eb04 4889 
  0x0000020c001e9128: ;   {metadata(method data for {method} {0x0000020c131a0318} 'invokeImpl' '([Ljava/lang/Object;)Ljava/lang/Object;' in 'jdk/internal/reflect/DirectConstructorHandleAccessor')}
  0x0000020c001e9128: 4710 48bf | c0d8 5554 | 0c02 0000 | 4883 8770 | 0100 0001 

  0x0000020c001e913c: ;   {metadata(method data for {method} {0x0000020c130b12d8} 'invokeExact_MT' '(Ljava/lang/Object;Ljava/lang/Object;)Ljava/lang/Object;' in 'java/lang/invoke/Invokers$Holder')}
  0x0000020c001e913c: 48bf a0dc | 5554 0c02 | 0000 8b87 | cc00 0000 | 83c0 0289 | 87cc 0000 | 0025 feff | 1f00 85c0 
  0x0000020c001e915c: 0f84 a80f 

  0x0000020c001e9160: ;   {metadata(method data for {method} {0x0000020c130b12d8} 'invokeExact_MT' '(Ljava/lang/Object;Ljava/lang/Object;)Ljava/lang/Object;' in 'java/lang/invoke/Invokers$Holder')}
  0x0000020c001e9160: 0000 48bf | a0dc 5554 | 0c02 0000 | 488d bf90 | 0100 0048 | 85f6 750e | f647 0801 | 754f f048 
  0x0000020c001e9180: 834f 0801 | eb47 8b46 | 0849 ba00 | 0000 130c | 0200 0049 | 03c2 4c8b | d048 3347 | 0848 a9fc 
  0x0000020c001e91a0: ffff ff74 | 28a8 0275 | 2448 f747 | 08fe ffff | ff74 1649 | 8bc2 4833 | 4708 48a9 | fcff ffff 
  0x0000020c001e91c0: 740b 4883 | 4f08 02eb | 0448 8947 | 0848 85db | 750c f647 | 1801 7506 | f048 834f 

  0x0000020c001e91dc: ;   {metadata(method data for {method} {0x0000020c130b12d8} 'invokeExact_MT' '(Ljava/lang/Object;Ljava/lang/Object;)Ljava/lang/Object;' in 'java/lang/invoke/Invokers$Holder')}
  0x0000020c001e91dc: 1801 48bf | a0dc 5554 | 0c02 0000 | 4883 8780 | 0100 0001 

  0x0000020c001e91f0: ;   {metadata(method data for {method} {0x0000020c133e53a0} 'checkExactType' '(Ljava/lang/invoke/MethodHandle;Ljava/lang/invoke/MethodType;)V' in 'java/lang/invoke/Invokers')}
  0x0000020c001e91f0: 48bf 8832 | 2354 0c02 | 0000 8b87 | cc00 0000 | 83c0 0289 | 87cc 0000 | 0025 feff | 1f00 85c0 
  0x0000020c001e9210: 0f84 150f | 0000 483b | 0648 8bfe 

  0x0000020c001e921c: ;   {metadata(method data for {method} {0x0000020c133e53a0} 'checkExactType' '(Ljava/lang/invoke/MethodHandle;Ljava/lang/invoke/MethodType;)V' in 'java/lang/invoke/Invokers')}
  0x0000020c001e921c: 48b8 8832 | 2354 0c02 | 0000 8b7f | 0849 ba00 | 0000 130c | 0200 0049 | 03fa 483b | b820 0100 
  0x0000020c001e923c: 0075 0d48 | 8380 2801 | 0000 01e9 | 6000 0000 | 483b b830 | 0100 0075 | 0d48 8380 | 3801 0000 
  0x0000020c001e925c: 01e9 4a00 | 0000 4883 | b820 0100 | 0000 7517 | 4889 b820 | 0100 0048 | c780 2801 | 0000 0100 
  0x0000020c001e927c: 0000 e929 | 0000 0048 | 83b8 3001 | 0000 0075 | 1748 89b8 | 3001 0000 | 48c7 8038 | 0100 0001 
  0x0000020c001e929c: 0000 00e9 | 0800 0000 | 4883 8010 | 0100 0001 | 8b7e 1048 

  0x0000020c001e92b0: ;   {metadata(method data for {method} {0x0000020c133e53a0} 'checkExactType' '(Ljava/lang/invoke/MethodHandle;Ljava/lang/invoke/MethodType;)V' in 'java/lang/invoke/Invokers')}
  0x0000020c001e92b0: 3bfb 48bb | 8832 2354 | 0c02 0000 | 48b8 5801 | 0000 0000 | 0000 750a | 48b8 4801 | 0000 0000 
  0x0000020c001e92d0: 0000 488b | 0c03 488d | 4901 4889 | 0c03 0f85 | 6802 0000 

  0x0000020c001e92e4: ;   {metadata(method data for {method} {0x0000020c130b12d8} 'invokeExact_MT' '(Ljava/lang/Object;Ljava/lang/Object;)Ljava/lang/Object;' in 'java/lang/invoke/Invokers$Holder')}
  0x0000020c001e92e4: 48bf a0dc | 5554 0c02 | 0000 488d | bfc8 0100 | 008b 5e08 | 49ba 0000 | 0013 0c02 | 0000 4903 
  0x0000020c001e9304: da4c 8bd3 | 4833 5f08 | 48f7 c3fc | ffff ff74 | 2af6 c302 | 7525 48f7 | 4708 feff | ffff 7417 
  0x0000020c001e9324: 498b da48 | 335f 0848 | f7c3 fcff | ffff 740b | 4883 4f08 | 02eb 0448 

  0x0000020c001e933c: ;   {metadata(method data for {method} {0x0000020c130b12d8} 'invokeExact_MT' '(Ljava/lang/Object;Ljava/lang/Object;)Ljava/lang/Object;' in 'java/lang/invoke/Invokers$Holder')}
  0x0000020c001e933c: 895f 0848 | bfa0 dc55 | 540c 0200 | 0048 8387 | b801 0000 

  0x0000020c001e9350: ;   {metadata(method data for {method} {0x0000020c133e5298} 'checkCustomized' '(Ljava/lang/invoke/MethodHandle;)V' in 'java/lang/invoke/Invokers')}
  0x0000020c001e9350: 0148 bfd8 | 3623 540c | 0200 008b | 9fcc 0000 | 0083 c302 | 899f cc00 | 0000 81e3 | feff 1f00 
  0x0000020c001e9370: 85db 0f84 | d90d 0000 

  0x0000020c001e9378: ;   {metadata(method data for {method} {0x0000020c133e5298} 'checkCustomized' '(Ljava/lang/invoke/MethodHandle;)V' in 'java/lang/invoke/Invokers')}
  0x0000020c001e9378: 48bf d836 | 2354 0c02 | 0000 4883 | 8710 0100 

  0x0000020c001e9388: ;   {metadata(method data for {method} {0x0000020c13096ff8} 'isCompileConstant' '(Ljava/lang/Object;)Z' in 'java/lang/invoke/MethodHandleImpl')}
  0x0000020c001e9388: 0001 48bf | 8838 2354 | 0c02 0000 | 8b9f cc00 | 0000 83c3 | 0289 9fcc | 0000 0081 | e3fe ff1f 
  0x0000020c001e93a8: 0085 db0f | 84c1 0d00 

  0x0000020c001e93b0: ;   {metadata(method data for {method} {0x0000020c133e5298} 'checkCustomized' '(Ljava/lang/invoke/MethodHandle;)V' in 'java/lang/invoke/Invokers')}
  0x0000020c001e93b0: 0048 bfd8 | 3623 540c | 0200 00ff | 8720 0100 | 008b 7e14 

  0x0000020c001e93c4: ; implicit exception: dispatches to 0x0000020c001ea193
  0x0000020c001e93c4: 8b7f 1c48 

  0x0000020c001e93c8: ;   {metadata(method data for {method} {0x0000020c133e5298} 'checkCustomized' '(Ljava/lang/invoke/MethodHandle;)V' in 'java/lang/invoke/Invokers')}
  0x0000020c001e93c8: 85ff 48bf | d836 2354 | 0c02 0000 | 48bb 4001 | 0000 0000 | 0000 750a | 48bb 5001 | 0000 0000 
  0x0000020c001e93e8: 0000 488b | 041f 488d | 4001 4889 | 041f 0f85 | 2800 0000 

  0x0000020c001e93fc: ;   {metadata(method data for {method} {0x0000020c133e5298} 'checkCustomized' '(Ljava/lang/invoke/MethodHandle;)V' in 'java/lang/invoke/Invokers')}
  0x0000020c001e93fc: 48bf d836 | 2354 0c02 | 0000 4883 | 8760 0100 | 0001 488b | d666 0f1f 

  0x0000020c001e9414: ;   {static_call}
  0x0000020c001e9414: 4400 00e8 

  0x0000020c001e9418: ; ImmutableOopMap {[160]=Oop [208]=Oop }
                      ;*invokestatic maybeCustomize {reexecute=0 rethrow=0 return_oop=0}
                      ; - java.lang.invoke.Invokers::checkCustomized@19 (line 627)
                      ; - java.lang.invoke.Invokers$Holder::invokeExact_MT@14
                      ; - jdk.internal.reflect.DirectConstructorHandleAccessor::invokeImpl@40 (line 86)
                      ; - jdk.internal.reflect.DirectConstructorHandleAccessor::newInstance@60 (line 62)
  0x0000020c001e9418: 24e7 f6ff 

  0x0000020c001e941c: ;   {other}
  0x0000020c001e941c: 0f1f 8400 | 0c1b 0006 | 488b b424 | d000 0000 

  0x0000020c001e942c: ;   {metadata(method data for {method} {0x0000020c130b12d8} 'invokeExact_MT' '(Ljava/lang/Object;Ljava/lang/Object;)Ljava/lang/Object;' in 'java/lang/invoke/Invokers$Holder')}
  0x0000020c001e942c: 48ba a0dc | 5554 0c02 | 0000 4883 | 82e0 0100 | 0001 488b | 9424 d000 

  0x0000020c001e9444: ;   {optimized virtual_call}
  0x0000020c001e9444: 0000 90e8 

  0x0000020c001e9448: ; ImmutableOopMap {[160]=Oop }
                      ;*invokevirtual invokeBasic {reexecute=0 rethrow=0 return_oop=0}
                      ; - java.lang.invoke.Invokers$Holder::invokeExact_MT@18
                      ; - jdk.internal.reflect.DirectConstructorHandleAccessor::invokeImpl@40 (line 86)
                      ; - jdk.internal.reflect.DirectConstructorHandleAccessor::newInstance@60 (line 62)
  0x0000020c001e9448: 3449 8f07 

  0x0000020c001e944c: ;   {other}
  0x0000020c001e944c: 0f1f 8400 | 3c1b 0007 

  0x0000020c001e9454: ;   {metadata(method data for {method} {0x0000020c130b12d8} 'invokeExact_MT' '(Ljava/lang/Object;Ljava/lang/Object;)Ljava/lang/Object;' in 'java/lang/invoke/Invokers$Holder')}
  0x0000020c001e9454: 48ba a0dc | 5554 0c02 | 0000 488d | 9218 0200 | 0048 85c0 | 750c f602 | 0175 4ef0 | 4883 0a01 
  0x0000020c001e9474: eb47 448b | 4008 49ba | 0000 0013 | 0c02 0000 | 4d03 c24d | 8bd0 4c33 | 0249 f7c0 | fcff ffff 
  0x0000020c001e9494: 7427 41f6 | c002 7521 | 48f7 02fe | ffff ff74 | 154d 8bc2 | 4c33 0249 | f7c0 fcff | ffff 7409 
  0x0000020c001e94b4: 4883 0a02 | eb03 4c89 

  0x0000020c001e94bc: ;   {metadata(method data for {method} {0x0000020c131a0318} 'invokeImpl' '([Ljava/lang/Object;)Ljava/lang/Object;' in 'jdk/internal/reflect/DirectConstructorHandleAccessor')}
  0x0000020c001e94bc: 0248 bac0 | d855 540c | 0200 0048 | 8d92 a801 | 0000 4885 | c075 0cf6 | 0201 754e | f048 830a 
  0x0000020c001e94dc: 01eb 4744 | 8b40 0849 | ba00 0000 | 130c 0200 | 004d 03c2 | 4d8b d04c | 3302 49f7 | c0fc ffff 
  0x0000020c001e94fc: ff74 2741 | f6c0 0275 | 2148 f702 | feff ffff | 7415 4d8b | c24c 3302 | 49f7 c0fc | ffff ff74 
  0x0000020c001e951c: 0948 830a | 02eb 034c 

  0x0000020c001e9524: ;   {metadata(method data for {method} {0x0000020c131a0318} 'invokeImpl' '([Ljava/lang/Object;)Ljava/lang/Object;' in 'jdk/internal/reflect/DirectConstructorHandleAccessor')}
  0x0000020c001e9524: 8902 48ba | c0d8 5554 | 0c02 0000 | ff82 b801 | 0000 4881 | c440 0100 

  0x0000020c001e953c: ;   {poll_return}
  0x0000020c001e953c: 005d 493b | a750 0400 | 000f 874d | 0c00 00c3 

  0x0000020c001e954c: ;   {metadata(method data for {method} {0x0000020c133e53a0} 'checkExactType' '(Ljava/lang/invoke/MethodHandle;Ljava/lang/invoke/MethodType;)V' in 'java/lang/invoke/Invokers')}
  0x0000020c001e954c: 48ba 8832 | 2354 0c02 | 0000 4883 | 8268 0100 

  0x0000020c001e955c: ;   {oop(a 'java/lang/invoke/MethodType'{0x0000000088623148} = ()Ljava/lang/Object;)}
  0x0000020c001e955c: 0001 49b8 | 4831 6288 | 0000 0000 | 488b d70f 

  0x0000020c001e956c: ;   {static_call}
  0x0000020c001e956c: 1f40 00e8 

  0x0000020c001e9570: ; ImmutableOopMap {[160]=Oop [208]=Oop }
                      ;*invokestatic newWrongMethodTypeException {reexecute=0 rethrow=0 return_oop=0}
                      ; - java.lang.invoke.Invokers::checkExactType@12 (line 531)
                      ; - java.lang.invoke.Invokers$Holder::invokeExact_MT@10
                      ; - jdk.internal.reflect.DirectConstructorHandleAccessor::invokeImpl@40 (line 86)
                      ; - jdk.internal.reflect.DirectConstructorHandleAccessor::newInstance@60 (line 62)
  0x0000020c001e9570: 0c5b 3907 

  0x0000020c001e9574: ;   {other}
  0x0000020c001e9574: 0f1f 8400 | 641c 0008 

  0x0000020c001e957c: ; implicit exception: dispatches to 0x0000020c001ea1ae
                      ; ImmutableOopMap {rax=Oop [160]=Oop [208]=Oop }
                      ;*athrow {reexecute=1 rethrow=0 return_oop=0}
                      ; - (reexecute) java.lang.invoke.Invokers::checkExactType@15 (line 531)
                      ; - java.lang.invoke.Invokers$Holder::invokeExact_MT@10
                      ; - jdk.internal.reflect.DirectConstructorHandleAccessor::invokeImpl@40 (line 86)
                      ; - jdk.internal.reflect.DirectConstructorHandleAccessor::newInstance@60 (line 62)
                      ;   {section_word}
  0x0000020c001e957c: 483b 0048 | ba7f 951e | 000c 0200 

  0x0000020c001e9588: ;   {runtime_call handle_exception_nofpu Runtime1 stub}
  0x0000020c001e9588: 00e8 727b 

  0x0000020c001e958c: ;   {metadata(method data for {method} {0x0000020c133e53a0} 'checkExactType' '(Ljava/lang/invoke/MethodHandle;Ljava/lang/invoke/MethodType;)V' in 'java/lang/invoke/Invokers')}
  0x0000020c001e958c: 4507 9048 | ba88 3223 | 540c 0200 | 0048 8382 | 6801 0000 

  0x0000020c001e95a0: ;   {oop(a 'java/lang/invoke/MethodType'{0x0000000088625cb8} = (Ljava/lang/Object;)Ljava/lang/Object;)}
  0x0000020c001e95a0: 0149 b8b8 | 5c62 8800 | 0000 0048 

  0x0000020c001e95ac: ;   {static_call}
  0x0000020c001e95ac: 8bd3 90e8 

  0x0000020c001e95b0: ; ImmutableOopMap {[160]=Oop [192]=Oop [200]=Oop }
                      ;*invokestatic newWrongMethodTypeException {reexecute=0 rethrow=0 return_oop=0}
                      ; - java.lang.invoke.Invokers::checkExactType@12 (line 531)
                      ; - java.lang.invoke.Invokers$Holder::invokeExact_MT@10
                      ; - jdk.internal.reflect.DirectConstructorHandleAccessor::invokeImpl@53 (line 87)
                      ; - jdk.internal.reflect.DirectConstructorHandleAccessor::newInstance@60 (line 62)
  0x0000020c001e95b0: cc5a 3907 

  0x0000020c001e95b4: ;   {other}
  0x0000020c001e95b4: 0f1f 8400 | a41c 000a 

  0x0000020c001e95bc: ; implicit exception: dispatches to 0x0000020c001ea1b3
                      ; ImmutableOopMap {rax=Oop [160]=Oop [192]=Oop [200]=Oop }
                      ;*athrow {reexecute=1 rethrow=0 return_oop=0}
                      ; - (reexecute) java.lang.invoke.Invokers::checkExactType@15 (line 531)
                      ; - java.lang.invoke.Invokers$Holder::invokeExact_MT@10
                      ; - jdk.internal.reflect.DirectConstructorHandleAccessor::invokeImpl@53 (line 87)
                      ; - jdk.internal.reflect.DirectConstructorHandleAccessor::newInstance@60 (line 62)
                      ;   {section_word}
  0x0000020c001e95bc: 483b 0048 | babf 951e | 000c 0200 

  0x0000020c001e95c8: ;   {runtime_call handle_exception_nofpu Runtime1 stub}
  0x0000020c001e95c8: 00e8 327b 

  0x0000020c001e95cc: ;   {metadata(method data for {method} {0x0000020c133e53a0} 'checkExactType' '(Ljava/lang/invoke/MethodHandle;Ljava/lang/invoke/MethodType;)V' in 'java/lang/invoke/Invokers')}
  0x0000020c001e95cc: 4507 9048 | ba88 3223 | 540c 0200 | 0048 8382 | 6801 0000 

  0x0000020c001e95e0: ;   {oop(a 'java/lang/invoke/MethodType'{0x0000000088625de8} = (Ljava/lang/Object;Ljava/lang/Object;)Ljava/lang/Object;)}
  0x0000020c001e95e0: 0149 b8e8 | 5d62 8800 | 0000 0048 

  0x0000020c001e95ec: ;   {static_call}
  0x0000020c001e95ec: 8bd0 90e8 

  0x0000020c001e95f0: ; ImmutableOopMap {[160]=Oop [168]=Oop [176]=Oop [184]=Oop }
                      ;*invokestatic newWrongMethodTypeException {reexecute=0 rethrow=0 return_oop=0}
                      ; - java.lang.invoke.Invokers::checkExactType@12 (line 531)
                      ; - java.lang.invoke.Invokers$Holder::invokeExact_MT@10
                      ; - jdk.internal.reflect.DirectConstructorHandleAccessor::invokeImpl@69 (line 88)
                      ; - jdk.internal.reflect.DirectConstructorHandleAccessor::newInstance@60 (line 62)
  0x0000020c001e95f0: 8c5a 3907 

  0x0000020c001e95f4: ;   {other}
  0x0000020c001e95f4: 0f1f 8400 | e41c 000c 

  0x0000020c001e95fc: ; implicit exception: dispatches to 0x0000020c001ea1b8
                      ; ImmutableOopMap {rax=Oop [160]=Oop [168]=Oop [176]=Oop [184]=Oop }
                      ;*athrow {reexecute=1 rethrow=0 return_oop=0}
                      ; - (reexecute) java.lang.invoke.Invokers::checkExactType@15 (line 531)
                      ; - java.lang.invoke.Invokers$Holder::invokeExact_MT@10
                      ; - jdk.internal.reflect.DirectConstructorHandleAccessor::invokeImpl@69 (line 88)
                      ; - jdk.internal.reflect.DirectConstructorHandleAccessor::newInstance@60 (line 62)
                      ;   {section_word}
  0x0000020c001e95fc: 483b 0048 | baff 951e | 000c 0200 

  0x0000020c001e9608: ;   {runtime_call handle_exception_nofpu Runtime1 stub}
  0x0000020c001e9608: 00e8 f27a | 4507 9049 | 8b87 0005 | 0000 4d33 | d24d 8997 | 0005 0000 | 4d33 d24d | 8997 0805 
  0x0000020c001e9628: 0000 488b | 9424 a000 

  0x0000020c001e9630: ;   {metadata(method data for {method} {0x0000020c131a02c0} 'newInstance' '([Ljava/lang/Object;)Ljava/lang/Object;' in 'jdk/internal/reflect/DirectConstructorHandleAccessor')}
  0x0000020c001e9630: 0000 49b8 | 98d4 5554 | 0c02 0000 | 4983 8050 | 0300 0001 

  0x0000020c001e9644: ;   {metadata(method data for {method} {0x0000020c133cff78} 'isIllegalArgument' '(Ljava/lang/RuntimeException;)Z' in 'jdk/internal/reflect/DirectConstructorHandleAccessor')}
  0x0000020c001e9644: 48ba c8e4 | 5554 0c02 | 0000 448b | 82cc 0000 | 0041 83c0 | 0244 8982 | cc00 0000 | 4181 e0fe 
  0x0000020c001e9664: ff1f 0045 | 85c0 0f84 | 4d0b 0000 

  0x0000020c001e9670: ;   {oop(a 'java/lang/Class'{0x0000000082411858} = 'jdk/internal/reflect/DirectConstructorHandleAccessor')}
  0x0000020c001e9670: 48ba 5818 | 4182 0000 | 0000 4c8b | c048 8984 | 24d8 0000 

  0x0000020c001e9684: ;   {static_call}
  0x0000020c001e9684: 0066 90e8 

  0x0000020c001e9688: ; ImmutableOopMap {[216]=Oop }
                      ;*invokestatic isIllegalArgument {reexecute=0 rethrow=0 return_oop=0}
                      ; - jdk.internal.reflect.DirectConstructorHandleAccessor::isIllegalArgument@3 (line 79)
                      ; - jdk.internal.reflect.DirectConstructorHandleAccessor::newInstance@96 (line 69)
  0x0000020c001e9688: f459 3907 

  0x0000020c001e968c: ;   {other}
  0x0000020c001e968c: 0f1f 8400 | 7c1d 000e | 83e0 0185 

  0x0000020c001e9698: ;   {metadata(method data for {method} {0x0000020c131a02c0} 'newInstance' '([Ljava/lang/Object;)Ljava/lang/Object;' in 'jdk/internal/reflect/DirectConstructorHandleAccessor')}
  0x0000020c001e9698: c048 b898 | d455 540c | 0200 0048 | ba88 0300 | 0000 0000 | 0074 0a48 | ba98 0300 | 0000 0000 
  0x0000020c001e96b8: 004c 8b04 | 104d 8d40 | 014c 8904 | 100f 846e | 0200 00e9 | c101 0000 | 498b 8700 | 0500 004d 
  0x0000020c001e96d8: 33d2 4d89 | 9700 0500 | 004d 33d2 | 4d89 9708 | 0500 0048 | 8b94 24a0 

  0x0000020c001e96f0: ;   {metadata(method data for {method} {0x0000020c131a02c0} 'newInstance' '([Ljava/lang/Object;)Ljava/lang/Object;' in 'jdk/internal/reflect/DirectConstructorHandleAccessor')}
  0x0000020c001e96f0: 0000 0049 | b898 d455 | 540c 0200 | 0049 8380 | d802 0000 

  0x0000020c001e9704: ;   {metadata(method data for {method} {0x0000020c133cff78} 'isIllegalArgument' '(Ljava/lang/RuntimeException;)Z' in 'jdk/internal/reflect/DirectConstructorHandleAccessor')}
  0x0000020c001e9704: 0148 bac8 | e455 540c | 0200 0044 | 8b82 cc00 | 0000 4183 | c002 4489 | 82cc 0000 | 0041 81e0 
  0x0000020c001e9724: feff 1f00 | 4585 c00f | 84ad 0a00 

  0x0000020c001e9730: ;   {oop(a 'java/lang/Class'{0x0000000082411858} = 'jdk/internal/reflect/DirectConstructorHandleAccessor')}
  0x0000020c001e9730: 0048 ba58 | 1841 8200 | 0000 004c | 8bc0 4889 | 8424 e000 

  0x0000020c001e9744: ;   {static_call}
  0x0000020c001e9744: 0000 90e8 

  0x0000020c001e9748: ; ImmutableOopMap {[224]=Oop }
                      ;*invokestatic isIllegalArgument {reexecute=0 rethrow=0 return_oop=0}
                      ; - jdk.internal.reflect.DirectConstructorHandleAccessor::isIllegalArgument@3 (line 79)
                      ; - jdk.internal.reflect.DirectConstructorHandleAccessor::newInstance@67 (line 64)
  0x0000020c001e9748: 3459 3907 

  0x0000020c001e974c: ;   {other}
  0x0000020c001e974c: 0f1f 8400 | 3c1e 000f | 83e0 0185 

  0x0000020c001e9758: ;   {metadata(method data for {method} {0x0000020c131a02c0} 'newInstance' '([Ljava/lang/Object;)Ljava/lang/Object;' in 'jdk/internal/reflect/DirectConstructorHandleAccessor')}
  0x0000020c001e9758: c048 ba98 | d455 540c | 0200 0048 | be10 0300 | 0000 0000 | 0074 0a48 | be20 0300 | 0000 0000 
  0x0000020c001e9778: 0048 8b3c | 3248 8d7f | 0148 893c | 320f 84ae | 0000 000f | 1f44 0000 

  0x0000020c001e9790: ;   {no_reloc}
  0x0000020c001e9790: e979 0a00 | 0000 0000 | 0000 498b | 87b8 0100 | 0048 8d78 | 2849 3bbf | c801 0000 | 0f87 660a 
  0x0000020c001e97b0: 0000 4989 | bfb8 0100 | 0048 c700 | 0100 0000 | 488b ca49 | ba00 0000 | 130c 0200 | 0049 2bca 
  0x0000020c001e97d0: 8948 0848 | 33c9 8948 | 0c48 33c9 | 4889 4810 | 4889 4818 | 4889 4820 

  0x0000020c001e97e8: ;   {metadata(method data for {method} {0x0000020c131a02c0} 'newInstance' '([Ljava/lang/Object;)Ljava/lang/Object;' in 'jdk/internal/reflect/DirectConstructorHandleAccessor')}
  0x0000020c001e97e8: 4c8b c049 | b998 d455 | 540c 0200 | 0049 8381 | 3003 0000 

  0x0000020c001e97fc: ;   {oop("argument type mismatch"{0x00000000824118c8})}
  0x0000020c001e97fc: 0149 b8c8 | 1841 8200 | 0000 004c | 8b8c 24e0 | 0000 0048 | 8bd0 4889 | 8424 e800 | 0000 0f1f 
  0x0000020c001e981c: ;   {optimized virtual_call}
  0x0000020c001e981c: 4400 00e8 

  0x0000020c001e9820: ; ImmutableOopMap {[232]=Oop }
                      ;*invokespecial <init> {reexecute=0 rethrow=0 return_oop=0}
                      ; - jdk.internal.reflect.DirectConstructorHandleAccessor::newInstance@80 (line 65)
  0x0000020c001e9820: 5c52 3907 

  0x0000020c001e9824: ;   {other}
  0x0000020c001e9824: 0f1f 8400 | 141f 0010 | 488b 8424 | e800 0000 | e9c8 0b00 | 004c 8b84 | 24e0 0000 | 000f 1f80 
  0x0000020c001e9844: 0000 0000 

  0x0000020c001e9848: ;   {no_reloc}
  0x0000020c001e9848: e9e7 0900 | 0000 0000 | 0000 e9e7 | 0900 0048 

  0x0000020c001e9858: ;   {metadata(method data for {method} {0x0000020c131a02c0} 'newInstance' '([Ljava/lang/Object;)Ljava/lang/Object;' in 'jdk/internal/reflect/DirectConstructorHandleAccessor')}
  0x0000020c001e9858: 8bd0 48be | 98d4 5554 | 0c02 0000 | 4883 8640 | 0300 0001 | 488b d048 | 8984 24f0 

  0x0000020c001e9874: ;   {optimized virtual_call}
  0x0000020c001e9874: 0000 00e8 

  0x0000020c001e9878: ; ImmutableOopMap {[240]=Oop }
                      ;*invokespecial <init> {reexecute=0 rethrow=0 return_oop=0}
                      ; - jdk.internal.reflect.DirectConstructorHandleAccessor::newInstance@89 (line 67)
  0x0000020c001e9878: 0452 3907 

  0x0000020c001e987c: ;   {other}
  0x0000020c001e987c: 0f1f 8400 | 6c1f 0011 | 488b 8424 | f000 0000 | e970 0b00 | 000f 1f80 | 0000 0000 

  0x0000020c001e9898: ;   {no_reloc}
  0x0000020c001e9898: e9bd 0900 | 0000 0000 | 0000 498b | 87b8 0100 | 0048 8d78 | 2849 3bbf | c801 0000 | 0f87 aa09 
  0x0000020c001e98b8: 0000 4989 | bfb8 0100 | 0048 c700 | 0100 0000 | 488b ca49 | ba00 0000 | 130c 0200 | 0049 2bca 
  0x0000020c001e98d8: 8948 0848 | 33c9 8948 | 0c48 33c9 | 4889 4810 | 4889 4818 | 4889 4820 

  0x0000020c001e98f0: ;   {metadata(method data for {method} {0x0000020c131a02c0} 'newInstance' '([Ljava/lang/Object;)Ljava/lang/Object;' in 'jdk/internal/reflect/DirectConstructorHandleAccessor')}
  0x0000020c001e98f0: 4c8b c048 | ba98 d455 | 540c 0200 | 0048 8382 | a803 0000 | 014c 8b84 | 24d8 0000 | 0048 8bd0 
  0x0000020c001e9910: 4889 8424 | f800 0000 | 0f1f 8000 

  0x0000020c001e991c: ;   {optimized virtual_call}
  0x0000020c001e991c: 0000 00e8 

  0x0000020c001e9920: ; ImmutableOopMap {[248]=Oop }
                      ;*invokespecial <init> {reexecute=0 rethrow=0 return_oop=0}
                      ; - jdk.internal.reflect.DirectConstructorHandleAccessor::newInstance@107 (line 70)
  0x0000020c001e9920: 5c51 3907 

  0x0000020c001e9924: ;   {other}
  0x0000020c001e9924: 0f1f 8400 | 1420 0012 | 488b 8424 | f800 0000 | e9c8 0a00 | 004c 8b84 | 24d8 0000 | 000f 1f80 
  0x0000020c001e9944: 0000 0000 

  0x0000020c001e9948: ;   {no_reloc}
  0x0000020c001e9948: e933 0900 | 0000 0000 | 0000 e933 | 0900 0048 

  0x0000020c001e9958: ;   {metadata(method data for {method} {0x0000020c131a02c0} 'newInstance' '([Ljava/lang/Object;)Ljava/lang/Object;' in 'jdk/internal/reflect/DirectConstructorHandleAccessor')}
  0x0000020c001e9958: 8bd0 48be | 98d4 5554 | 0c02 0000 | 4883 86b8 | 0300 0001 | 488b d048 | 8984 2400 

  0x0000020c001e9974: ;   {optimized virtual_call}
  0x0000020c001e9974: 0100 00e8 

  0x0000020c001e9978: ; ImmutableOopMap {[256]=Oop }
                      ;*invokespecial <init> {reexecute=0 rethrow=0 return_oop=0}
                      ; - jdk.internal.reflect.DirectConstructorHandleAccessor::newInstance@116 (line 72)
  0x0000020c001e9978: 0451 3907 

  0x0000020c001e997c: ;   {other}
  0x0000020c001e997c: 0f1f 8400 | 6c20 0013 | 488b 8424 | 0001 0000 | e970 0a00 | 0044 898c | 2410 0100 | 000f 1f80 
  0x0000020c001e999c: 0000 0000 

  0x0000020c001e99a0: ;   {no_reloc}
  0x0000020c001e99a0: e901 0900 | 0000 0000 | 0000 498b | 87b8 0100 | 0048 8d78 | 2849 3bbf | c801 0000 | 0f87 ee08 
  0x0000020c001e99c0: 0000 4989 | bfb8 0100 | 0048 c700 | 0100 0000 | 488b ca49 | ba00 0000 | 130c 0200 | 0049 2bca 
  0x0000020c001e99e0: 8948 0848 | 33c9 8948 | 0c48 33c9 | 4889 4810 | 4889 4818 | 4889 4820 

  0x0000020c001e99f8: ;   {metadata('java/lang/StringBuilder')}
  0x0000020c001e99f8: 48ba 2881 | 0013 0c02 | 0000 4889 | 8424 1801 | 0000 498b | 87b8 0100 | 0048 8d78 | 1849 3bbf 
  0x0000020c001e9a18: c801 0000 | 0f87 9b08 | 0000 4989 | bfb8 0100 | 0048 c700 | 0100 0000 | 488b ca49 | ba00 0000 
  0x0000020c001e9a38: 130c 0200 | 0049 2bca | 8948 0848 | 33c9 8948 | 0c48 33c9 | 4889 4810 

  0x0000020c001e9a50: ;   {metadata(method data for {method} {0x0000020c131a02c0} 'newInstance' '([Ljava/lang/Object;)Ljava/lang/Object;' in 'jdk/internal/reflect/DirectConstructorHandleAccessor')}
  0x0000020c001e9a50: 4c8b c048 | ba98 d455 | 540c 0200 | 0048 8382 | 6801 0000 

  0x0000020c001e9a64: ;   {metadata(method data for {method} {0x0000020c13469828} '<init>' '()V' in 'java/lang/StringBuilder')}
  0x0000020c001e9a64: 0149 b810 | c100 540c | 0200 0041 | 8b90 cc00 | 0000 83c2 | 0241 8990 | cc00 0000 | 81e2 feff 
  0x0000020c001e9a84: 1f00 85d2 | 0f84 3c08 | 0000 4c8b 

  0x0000020c001e9a90: ;   {metadata(method data for {method} {0x0000020c13469828} '<init>' '()V' in 'java/lang/StringBuilder')}
  0x0000020c001e9a90: c048 ba10 | c100 540c | 0200 0048 | 8382 1001 | 0000 0141 | b810 0000 | 0048 8bd0 | 4889 8424 
  0x0000020c001e9ab0: 0801 0000 

  0x0000020c001e9ab4: ;   {optimized virtual_call}
  0x0000020c001e9ab4: 6666 90e8 

  0x0000020c001e9ab8: ; ImmutableOopMap {[160]=Oop [264]=Oop [280]=Oop }
                      ;*invokespecial <init> {reexecute=0 rethrow=0 return_oop=0}
                      ; - java.lang.StringBuilder::<init>@3 (line 106)
                      ; - jdk.internal.reflect.DirectConstructorHandleAccessor::newInstance@27 (line 59)
  0x0000020c001e9ab8: c44f 3907 

  0x0000020c001e9abc: ;   {other}
  0x0000020c001e9abc: 0f1f 8400 | ac21 0014 | 488b 8424 | 0801 0000 

  0x0000020c001e9acc: ;   {metadata(method data for {method} {0x0000020c131a02c0} 'newInstance' '([Ljava/lang/Object;)Ljava/lang/Object;' in 'jdk/internal/reflect/DirectConstructorHandleAccessor')}
  0x0000020c001e9acc: 49b8 98d4 | 5554 0c02 | 0000 4983 | 8078 0100 

  0x0000020c001e9adc: ;   {metadata(method data for {method} {0x0000020c13469618} 'append' '(Ljava/lang/String;)Ljava/lang/StringBuilder;' in 'java/lang/StringBuilder')}
  0x0000020c001e9adc: 0001 49b8 | 00c4 0054 | 0c02 0000 | 418b 90cc | 0000 0083 | c202 4189 | 90cc 0000 | 0081 e2fe 
  0x0000020c001e9afc: ff1f 0085 | d20f 84e4 | 0700 0048 | 8b84 2408 

  0x0000020c001e9b0c: ;   {metadata(method data for {method} {0x0000020c13469618} 'append' '(Ljava/lang/String;)Ljava/lang/StringBuilder;' in 'java/lang/StringBuilder')}
  0x0000020c001e9b0c: 0100 0049 | b800 c400 | 540c 0200 | 0049 8380 | 1001 0000 

  0x0000020c001e9b20: ;   {oop("wrong number of arguments: "{0x00000000824118e0})}
  0x0000020c001e9b20: 0149 b8e0 | 1841 8200 | 0000 0048 | 8b94 2408 | 0100 000f 

  0x0000020c001e9b34: ;   {optimized virtual_call}
  0x0000020c001e9b34: 1f40 00e8 

  0x0000020c001e9b38: ; ImmutableOopMap {[160]=Oop [264]=Oop [280]=Oop }
                      ;*invokespecial append {reexecute=0 rethrow=0 return_oop=0}
                      ; - java.lang.StringBuilder::append@2 (line 179)
                      ; - jdk.internal.reflect.DirectConstructorHandleAccessor::newInstance@32 (line 59)
  0x0000020c001e9b38: 444f 3907 

  0x0000020c001e9b3c: ;   {other}
  0x0000020c001e9b3c: 0f1f 8400 | 2c22 0015 | 488b 8424 | 0801 0000 

  0x0000020c001e9b4c: ;   {metadata(method data for {method} {0x0000020c131a02c0} 'newInstance' '([Ljava/lang/Object;)Ljava/lang/Object;' in 'jdk/internal/reflect/DirectConstructorHandleAccessor')}
  0x0000020c001e9b4c: 49b8 98d4 | 5554 0c02 | 0000 4983 | 80b0 0100 

  0x0000020c001e9b5c: ;   {metadata(method data for {method} {0x0000020c134693b0} 'append' '(I)Ljava/lang/StringBuilder;' in 'java/lang/StringBuilder')}
  0x0000020c001e9b5c: 0001 49b8 | a8c7 0054 | 0c02 0000 | 418b 90cc | 0000 0083 | c202 4189 | 90cc 0000 | 0081 e2fe 
  0x0000020c001e9b7c: ff1f 0085 | d20f 8485 | 0700 0048 | 8b84 2408 

  0x0000020c001e9b8c: ;   {metadata(method data for {method} {0x0000020c134693b0} 'append' '(I)Ljava/lang/StringBuilder;' in 'java/lang/StringBuilder')}
  0x0000020c001e9b8c: 0100 0049 | b8a8 c700 | 540c 0200 | 0049 8380 | 1001 0000 | 0144 8b84 | 2410 0100 | 0048 8b94 
  0x0000020c001e9bac: 2408 0100 | 0066 0f1f 

  0x0000020c001e9bb4: ;   {optimized virtual_call}
  0x0000020c001e9bb4: 4400 00e8 

  0x0000020c001e9bb8: ; ImmutableOopMap {[160]=Oop [264]=Oop [280]=Oop }
                      ;*invokespecial append {reexecute=0 rethrow=0 return_oop=0}
                      ; - java.lang.StringBuilder::append@2 (line 253)
                      ; - jdk.internal.reflect.DirectConstructorHandleAccessor::newInstance@36 (line 59)
  0x0000020c001e9bb8: c44e 3907 

  0x0000020c001e9bbc: ;   {other}
  0x0000020c001e9bbc: 0f1f 8400 | ac22 0016 | 488b 8424 | 0801 0000 

  0x0000020c001e9bcc: ;   {metadata(method data for {method} {0x0000020c131a02c0} 'newInstance' '([Ljava/lang/Object;)Ljava/lang/Object;' in 'jdk/internal/reflect/DirectConstructorHandleAccessor')}
  0x0000020c001e9bcc: 49b8 98d4 | 5554 0c02 | 0000 4983 | 80e8 0100 

  0x0000020c001e9bdc: ;   {metadata(method data for {method} {0x0000020c13469618} 'append' '(Ljava/lang/String;)Ljava/lang/StringBuilder;' in 'java/lang/StringBuilder')}
  0x0000020c001e9bdc: 0001 49b8 | 00c4 0054 | 0c02 0000 | 418b 90cc | 0000 0083 | c202 4189 | 90cc 0000 | 0081 e2fe 
  0x0000020c001e9bfc: ff1f 0085 | d20f 8426 | 0700 0048 | 8b84 2408 

  0x0000020c001e9c0c: ;   {metadata(method data for {method} {0x0000020c13469618} 'append' '(Ljava/lang/String;)Ljava/lang/StringBuilder;' in 'java/lang/StringBuilder')}
  0x0000020c001e9c0c: 0100 0049 | b800 c400 | 540c 0200 | 0049 8380 | 1001 0000 

  0x0000020c001e9c20: ;   {oop(" expected: "{0x00000000824118f8})}
  0x0000020c001e9c20: 0149 b8f8 | 1841 8200 | 0000 0048 | 8b94 2408 | 0100 000f 

  0x0000020c001e9c34: ;   {optimized virtual_call}
  0x0000020c001e9c34: 1f40 00e8 

  0x0000020c001e9c38: ; ImmutableOopMap {[160]=Oop [264]=Oop [280]=Oop }
                      ;*invokespecial append {reexecute=0 rethrow=0 return_oop=0}
                      ; - java.lang.StringBuilder::append@2 (line 179)
                      ; - jdk.internal.reflect.DirectConstructorHandleAccessor::newInstance@41 (line 59)
  0x0000020c001e9c38: 444e 3907 

  0x0000020c001e9c3c: ;   {other}
  0x0000020c001e9c3c: 0f1f 8400 | 2c23 0017 | 488b 9424 | a000 0000 | 448b 420c | 488b 8424 | 0801 0000 

  0x0000020c001e9c58: ;   {metadata(method data for {method} {0x0000020c131a02c0} 'newInstance' '([Ljava/lang/Object;)Ljava/lang/Object;' in 'jdk/internal/reflect/DirectConstructorHandleAccessor')}
  0x0000020c001e9c58: 48ba 98d4 | 5554 0c02 | 0000 4883 | 8220 0200 

  0x0000020c001e9c68: ;   {metadata(method data for {method} {0x0000020c134693b0} 'append' '(I)Ljava/lang/StringBuilder;' in 'java/lang/StringBuilder')}
  0x0000020c001e9c68: 0001 48ba | a8c7 0054 | 0c02 0000 | 8bb2 cc00 | 0000 83c6 | 0289 b2cc | 0000 0081 | e6fe ff1f 
  0x0000020c001e9c88: 0085 f60f | 84bd 0600 | 0048 8b84 | 2408 0100 

  0x0000020c001e9c98: ;   {metadata(method data for {method} {0x0000020c134693b0} 'append' '(I)Ljava/lang/StringBuilder;' in 'java/lang/StringBuilder')}
  0x0000020c001e9c98: 0048 baa8 | c700 540c | 0200 0048 | 8382 1001 | 0000 0148 | 8b94 2408 | 0100 000f 

  0x0000020c001e9cb4: ;   {optimized virtual_call}
  0x0000020c001e9cb4: 1f40 00e8 

  0x0000020c001e9cb8: ; ImmutableOopMap {[264]=Oop [280]=Oop }
                      ;*invokespecial append {reexecute=0 rethrow=0 return_oop=0}
                      ; - java.lang.StringBuilder::append@2 (line 253)
                      ; - jdk.internal.reflect.DirectConstructorHandleAccessor::newInstance@48 (line 59)
  0x0000020c001e9cb8: c44d 3907 

  0x0000020c001e9cbc: ;   {other}
  0x0000020c001e9cbc: 0f1f 8400 | ac23 0018 | 488b 8424 | 0801 0000 

  0x0000020c001e9ccc: ;   {metadata(method data for {method} {0x0000020c131a02c0} 'newInstance' '([Ljava/lang/Object;)Ljava/lang/Object;' in 'jdk/internal/reflect/DirectConstructorHandleAccessor')}
  0x0000020c001e9ccc: 48ba 98d4 | 5554 0c02 | 0000 4883 | 8258 0200 

  0x0000020c001e9cdc: ;   {metadata(method data for {method} {0x0000020c13008a30} 'toString' '()Ljava/lang/String;' in 'java/lang/StringBuilder')}
  0x0000020c001e9cdc: 0001 48ba | 58cb 0054 | 0c02 0000 | 8bb2 cc00 | 0000 83c6 | 0289 b2cc | 0000 0081 | e6fe ff1f 
  0x0000020c001e9cfc: 0085 f60f | 846a 0600 

  0x0000020c001e9d04: ;   {metadata('java/lang/String')}
  0x0000020c001e9d04: 0048 bad8 | e800 130c | 0200 0049 | 8b87 b801 | 0000 488d | 7818 493b | bfc8 0100 | 000f 8769 
  0x0000020c001e9d24: 0600 0049 | 89bf b801 | 0000 48c7 | 0001 0000 | 0048 8bca | 49ba 0000 | 0013 0c02 | 0000 492b 
  0x0000020c001e9d44: ca89 4808 | 4833 c989 | 480c 4833 | c948 8948 | 104c 8bc0 

  0x0000020c001e9d58: ;   {metadata(method data for {method} {0x0000020c13008a30} 'toString' '()Ljava/lang/String;' in 'java/lang/StringBuilder')}
  0x0000020c001e9d58: 49b9 58cb | 0054 0c02 | 0000 4983 | 8110 0100 

  0x0000020c001e9d68: ;   {metadata(method data for {method} {0x0000020c1345d950} '<init>' '(Ljava/lang/StringBuilder;)V' in 'java/lang/String')}
  0x0000020c001e9d68: 0001 49b8 | d0cc 0054 | 0c02 0000 | 458b 88cc | 0000 0041 | 83c1 0245 | 8988 cc00 | 0000 4181 
  0x0000020c001e9d88: e1fe ff1f | 0045 85c9 | 0f84 0706 | 0000 4c8b 

  0x0000020c001e9d98: ;   {metadata(method data for {method} {0x0000020c1345d950} '<init>' '(Ljava/lang/StringBuilder;)V' in 'java/lang/String')}
  0x0000020c001e9d98: c049 b9d0 | cc00 540c | 0200 0049 | 8381 1001 | 0000 014c | 8b84 2408 

  0x0000020c001e9db0: ;   {oop(nullptr)}
  0x0000020c001e9db0: 0100 0049 | b900 0000 | 0000 0000 | 0048 8bd0 | 4889 8424 | 2001 0000 | 0f1f 8000 

  0x0000020c001e9dcc: ;   {optimized virtual_call}
  0x0000020c001e9dcc: 0000 00e8 

  0x0000020c001e9dd0: ; ImmutableOopMap {[280]=Oop [288]=Oop }
                      ;*invokespecial <init> {reexecute=0 rethrow=0 return_oop=0}
                      ; - java.lang.String::<init>@3 (line 1507)
                      ; - java.lang.StringBuilder::toString@5 (line 475)
                      ; - jdk.internal.reflect.DirectConstructorHandleAccessor::newInstance@51 (line 59)
  0x0000020c001e9dd0: ac4c 3907 

  0x0000020c001e9dd4: ;   {other}
  0x0000020c001e9dd4: 0f1f 8400 | c424 0019 | 488b 8424 | 1801 0000 

  0x0000020c001e9de4: ;   {metadata(method data for {method} {0x0000020c131a02c0} 'newInstance' '([Ljava/lang/Object;)Ljava/lang/Object;' in 'jdk/internal/reflect/DirectConstructorHandleAccessor')}
  0x0000020c001e9de4: 49b8 98d4 | 5554 0c02 | 0000 4983 | 8090 0200 | 0001 4c8b | 8424 2001 | 0000 488b | 9424 1801 
  0x0000020c001e9e04: ;   {optimized virtual_call}
  0x0000020c001e9e04: 0000 90e8 

  0x0000020c001e9e08: ; ImmutableOopMap {[280]=Oop }
                      ;*invokespecial <init> {reexecute=0 rethrow=0 return_oop=0}
                      ; - jdk.internal.reflect.DirectConstructorHandleAccessor::newInstance@54 (line 59)
  0x0000020c001e9e08: 744c 3907 

  0x0000020c001e9e0c: ;   {other}
  0x0000020c001e9e0c: 0f1f 8400 | fc24 001a | 488b 8424 | 1801 0000 | e9e0 0500 | 0049 8b87 | 0005 0000 | 4d33 d24d 
  0x0000020c001e9e2c: 8997 0005 | 0000 4d33 | d24d 8997 | 0805 0000 | 4c8b c090 

  0x0000020c001e9e40: ;   {no_reloc}
  0x0000020c001e9e40: e988 0500 | 0000 0000 | 0000 e988 | 0500 0048 

  0x0000020c001e9e50: ;   {metadata(method data for {method} {0x0000020c131a02c0} 'newInstance' '([Ljava/lang/Object;)Ljava/lang/Object;' in 'jdk/internal/reflect/DirectConstructorHandleAccessor')}
  0x0000020c001e9e50: 8bd0 48be | 98d4 5554 | 0c02 0000 | 4883 86c8 | 0300 0001 | 488b d048 | 8984 2428 

  0x0000020c001e9e6c: ;   {optimized virtual_call}
  0x0000020c001e9e6c: 0100 00e8 

  0x0000020c001e9e70: ; ImmutableOopMap {[296]=Oop }
                      ;*invokespecial <init> {reexecute=0 rethrow=0 return_oop=0}
                      ; - jdk.internal.reflect.DirectConstructorHandleAccessor::newInstance@126 (line 74)
  0x0000020c001e9e70: 0c4c 3907 

  0x0000020c001e9e74: ;   {other}
  0x0000020c001e9e74: 0f1f 8400 | 6425 001b | 488b 8424 | 2801 0000 | e978 0500 

  0x0000020c001e9e88: ;   {metadata({method} {0x0000020c131a02c0} 'newInstance' '([Ljava/lang/Object;)Ljava/lang/Object;' in 'jdk/internal/reflect/DirectConstructorHandleAccessor')}
  0x0000020c001e9e88: 0049 bab8 | 021a 130c | 0200 004c | 8954 2408 | 48c7 0424 | ffff ffff 

  0x0000020c001e9ea0: ;   {runtime_call counter_overflow Runtime1 stub}
  0x0000020c001e9ea0: e85b ab45 

  0x0000020c001e9ea4: ; ImmutableOopMap {rdx=Oop r8=Oop [160]=Oop }
                      ;*synchronization entry
                      ; - jdk.internal.reflect.DirectConstructorHandleAccessor::newInstance@-1 (line 57)
  0x0000020c001e9ea4: 07e9 c6df 

  0x0000020c001e9ea8: ;   {runtime_call throw_null_pointer_exception Runtime1 stub}
  0x0000020c001e9ea8: ffff e851 

  0x0000020c001e9eac: ; ImmutableOopMap {rdx=Oop r8=Oop [160]=Oop }
                      ;*arraylength {reexecute=0 rethrow=0 return_oop=0}
                      ; - jdk.internal.reflect.DirectConstructorHandleAccessor::newInstance@5 (line 57)
                      ;   {metadata({method} {0x0000020c131a0318} 'invokeImpl' '([Ljava/lang/Object;)Ljava/lang/Object;' in 'jdk/internal/reflect/DirectConstructorHandleAccessor')}
  0x0000020c001e9eac: 5a45 0749 | ba10 031a | 130c 0200 | 004c 8954 | 2408 48c7 | 0424 ffff 

  0x0000020c001e9ec4: ;   {runtime_call counter_overflow Runtime1 stub}
  0x0000020c001e9ec4: ffff e835 

  0x0000020c001e9ec8: ; ImmutableOopMap {rdx=Oop r8=Oop [160]=Oop }
                      ;*synchronization entry
                      ; - jdk.internal.reflect.DirectConstructorHandleAccessor::invokeImpl@-1 (line 85)
                      ; - jdk.internal.reflect.DirectConstructorHandleAccessor::newInstance@60 (line 62)
  0x0000020c001e9ec8: ab45 07e9 | 7be0 ffff | 49b9 0000 | 0000 0000 | 0000 b800 

  0x0000020c001e9edc: ;   {runtime_call load_appendix_patching Runtime1 stub}
  0x0000020c001e9edc: 0f05 0ae8 

  0x0000020c001e9ee0: ; ImmutableOopMap {rdx=Oop r8=Oop rsi=Oop [160]=Oop }
                      ;*invokevirtual invokeExact {reexecute=1 rethrow=0 return_oop=0}
                      ; - (reexecute) jdk.internal.reflect.DirectConstructorHandleAccessor::invokeImpl@99 (line 90)
                      ; - jdk.internal.reflect.DirectConstructorHandleAccessor::newInstance@60 (line 62)
  0x0000020c001e9ee0: 9ca3 4507 | e907 e1ff 

  0x0000020c001e9ee8: ;   {runtime_call throw_null_pointer_exception Runtime1 stub}
  0x0000020c001e9ee8: ffe8 125a 

  0x0000020c001e9eec: ; ImmutableOopMap {rdx=Oop r8=Oop rsi=Oop r9=Oop [160]=Oop }
                      ;*invokevirtual invokeExact {reexecute=0 rethrow=0 return_oop=0}
                      ; - jdk.internal.reflect.DirectConstructorHandleAccessor::invokeImpl@99 (line 90)
                      ; - jdk.internal.reflect.DirectConstructorHandleAccessor::newInstance@60 (line 62)
                      ;   {internal_word}
  0x0000020c001e9eec: 4507 49ba | 8681 1e00 | 0c02 0000 | 4d89 9768 

  0x0000020c001e9efc: ;   {runtime_call SafepointBlob}
  0x0000020c001e9efc: 0400 00e9 | fcb7 3907 

  0x0000020c001e9f04: ;   {runtime_call throw_null_pointer_exception Runtime1 stub}
  0x0000020c001e9f04: e8f7 5945 

  0x0000020c001e9f08: ; ImmutableOopMap {rdx=Oop r8=Oop rbx=Oop [160]=Oop }
                      ;*aaload {reexecute=0 rethrow=0 return_oop=0}
                      ; - jdk.internal.reflect.DirectConstructorHandleAccessor::invokeImpl@81 (line 89)
                      ; - jdk.internal.reflect.DirectConstructorHandleAccessor::newInstance@60 (line 62)
                      ;   {runtime_call throw_null_pointer_exception Runtime1 stub}
  0x0000020c001e9f08: 07e8 f259 

  0x0000020c001e9f0c: ; ImmutableOopMap {rdx=Oop r8=Oop rbx=Oop [160]=Oop }
                      ;*aaload {reexecute=0 rethrow=0 return_oop=0}
                      ; - jdk.internal.reflect.DirectConstructorHandleAccessor::invokeImpl@81 (line 89)
                      ; - jdk.internal.reflect.DirectConstructorHandleAccessor::newInstance@60 (line 62)
  0x0000020c001e9f0c: 4507 48c7 | 0424 0000 | 0000 4c89 

  0x0000020c001e9f18: ;   {runtime_call throw_range_check_failed Runtime1 stub}
  0x0000020c001e9f18: 4424 08e8 

  0x0000020c001e9f1c: ; ImmutableOopMap {rdx=Oop r8=Oop rbx=Oop [160]=Oop }
                      ;*aaload {reexecute=0 rethrow=0 return_oop=0}
                      ; - jdk.internal.reflect.DirectConstructorHandleAccessor::invokeImpl@81 (line 89)
                      ; - jdk.internal.reflect.DirectConstructorHandleAccessor::newInstance@60 (line 62)
  0x0000020c001e9f1c: e050 4507 | 48c7 0424 | 0100 0000 | 4c89 4424 

  0x0000020c001e9f2c: ;   {runtime_call throw_range_check_failed Runtime1 stub}
  0x0000020c001e9f2c: 08e8 ce50 

  0x0000020c001e9f30: ; ImmutableOopMap {rdx=Oop r8=Oop rbx=Oop r9=Oop [160]=Oop }
                      ;*aaload {reexecute=0 rethrow=0 return_oop=0}
                      ; - jdk.internal.reflect.DirectConstructorHandleAccessor::invokeImpl@84 (line 89)
                      ; - jdk.internal.reflect.DirectConstructorHandleAccessor::newInstance@60 (line 62)
  0x0000020c001e9f30: 4507 48c7 | 0424 0200 | 0000 4c89 

  0x0000020c001e9f3c: ;   {runtime_call throw_range_check_failed Runtime1 stub}
  0x0000020c001e9f3c: 4424 08e8 

  0x0000020c001e9f40: ; ImmutableOopMap {rdx=Oop r8=Oop rbx=Oop r9=Oop rdi=Oop [160]=Oop }
                      ;*aaload {reexecute=0 rethrow=0 return_oop=0}
                      ; - jdk.internal.reflect.DirectConstructorHandleAccessor::invokeImpl@87 (line 89)
                      ; - jdk.internal.reflect.DirectConstructorHandleAccessor::newInstance@60 (line 62)
  0x0000020c001e9f40: bc50 4507 | 48b8 0000 | 0000 0000 | 0000 b800 

  0x0000020c001e9f50: ;   {runtime_call load_appendix_patching Runtime1 stub}
  0x0000020c001e9f50: 0f05 0ae8 

  0x0000020c001e9f54: ; ImmutableOopMap {rdx=Oop rbx=Oop r9=Oop rdi=Oop rsi=Oop [160]=Oop }
                      ;*invokevirtual invokeExact {reexecute=1 rethrow=0 return_oop=0}
                      ; - (reexecute) jdk.internal.reflect.DirectConstructorHandleAccessor::invokeImpl@88 (line 89)
                      ; - jdk.internal.reflect.DirectConstructorHandleAccessor::newInstance@60 (line 62)
  0x0000020c001e9f54: 28a3 4507 | e96b e2ff 

  0x0000020c001e9f5c: ;   {runtime_call throw_null_pointer_exception Runtime1 stub}
  0x0000020c001e9f5c: ffe8 9e59 

  0x0000020c001e9f60: ; ImmutableOopMap {rdx=Oop rbx=Oop r9=Oop rdi=Oop rsi=Oop rax=Oop [160]=Oop }
                      ;*invokevirtual invokeExact {reexecute=0 rethrow=0 return_oop=0}
                      ; - jdk.internal.reflect.DirectConstructorHandleAccessor::invokeImpl@88 (line 89)
                      ; - jdk.internal.reflect.DirectConstructorHandleAccessor::newInstance@60 (line 62)
                      ;   {internal_word}
  0x0000020c001e9f60: 4507 49ba | d483 1e00 | 0c02 0000 | 4d89 9768 

  0x0000020c001e9f70: ;   {runtime_call SafepointBlob}
  0x0000020c001e9f70: 0400 00e9 | 88b7 3907 

  0x0000020c001e9f78: ;   {runtime_call throw_null_pointer_exception Runtime1 stub}
  0x0000020c001e9f78: e883 5945 

  0x0000020c001e9f7c: ; ImmutableOopMap {rdx=Oop r8=Oop rsi=Oop [160]=Oop [184]=Oop }
                      ;*aaload {reexecute=0 rethrow=0 return_oop=0}
                      ; - jdk.internal.reflect.DirectConstructorHandleAccessor::invokeImpl@65 (line 88)
                      ; - jdk.internal.reflect.DirectConstructorHandleAccessor::newInstance@60 (line 62)
                      ;   {runtime_call throw_null_pointer_exception Runtime1 stub}
  0x0000020c001e9f7c: 07e8 7e59 

  0x0000020c001e9f80: ; ImmutableOopMap {rdx=Oop r8=Oop rsi=Oop [160]=Oop [184]=Oop }
                      ;*aaload {reexecute=0 rethrow=0 return_oop=0}
                      ; - jdk.internal.reflect.DirectConstructorHandleAccessor::invokeImpl@65 (line 88)
                      ; - jdk.internal.reflect.DirectConstructorHandleAccessor::newInstance@60 (line 62)
  0x0000020c001e9f80: 4507 48c7 | 0424 0000 | 0000 4c89 

  0x0000020c001e9f8c: ;   {runtime_call throw_range_check_failed Runtime1 stub}
  0x0000020c001e9f8c: 4424 08e8 

  0x0000020c001e9f90: ; ImmutableOopMap {rdx=Oop r8=Oop rsi=Oop [160]=Oop [184]=Oop }
                      ;*aaload {reexecute=0 rethrow=0 return_oop=0}
                      ; - jdk.internal.reflect.DirectConstructorHandleAccessor::invokeImpl@65 (line 88)
                      ; - jdk.internal.reflect.DirectConstructorHandleAccessor::newInstance@60 (line 62)
  0x0000020c001e9f90: 6c50 4507 | 48c7 0424 | 0100 0000 | 4c89 4424 

  0x0000020c001e9fa0: ;   {runtime_call throw_range_check_failed Runtime1 stub}
  0x0000020c001e9fa0: 08e8 5a50 

  0x0000020c001e9fa4: ; ImmutableOopMap {rdx=Oop r8=Oop rsi=Oop rdi=Oop [160]=Oop [168]=Oop [184]=Oop }
                      ;*aaload {reexecute=0 rethrow=0 return_oop=0}
                      ; - jdk.internal.reflect.DirectConstructorHandleAccessor::invokeImpl@68 (line 88)
                      ; - jdk.internal.reflect.DirectConstructorHandleAccessor::newInstance@60 (line 62)
                      ;   {metadata({method} {0x0000020c130b1280} 'invokeExact_MT' '(Ljava/lang/Object;Ljava/lang/Object;Ljava/lang/Object;Ljava/lang/Object;)Ljava/lang/Object;' in 'java/lang/invoke/Invokers$Holder')}
  0x0000020c001e9fa4: 4507 49ba | 7812 0b13 | 0c02 0000 | 4c89 5424 | 0848 c704 | 24ff ffff 

  0x0000020c001e9fbc: ;   {runtime_call counter_overflow Runtime1 stub}
  0x0000020c001e9fbc: ffe8 3eaa 

  0x0000020c001e9fc0: ; ImmutableOopMap {rdx=Oop rsi=Oop rdi=Oop rbx=Oop [160]=Oop [168]=Oop [176]=Oop [184]=Oop }
                      ;*synchronization entry
                      ; - java.lang.invoke.Invokers$Holder::invokeExact_MT@-1
                      ; - jdk.internal.reflect.DirectConstructorHandleAccessor::invokeImpl@69 (line 88)
                      ; - jdk.internal.reflect.DirectConstructorHandleAccessor::newInstance@60 (line 62)
  0x0000020c001e9fc0: 4507 e9bf 

  0x0000020c001e9fc4: ;   {metadata({method} {0x0000020c133e53a0} 'checkExactType' '(Ljava/lang/invoke/MethodHandle;Ljava/lang/invoke/MethodType;)V' in 'java/lang/invoke/Invokers')}
  0x0000020c001e9fc4: e5ff ff49 | ba98 533e | 130c 0200 | 004c 8954 | 2408 48c7 | 0424 ffff 

  0x0000020c001e9fdc: ;   {runtime_call counter_overflow Runtime1 stub}
  0x0000020c001e9fdc: ffff e81d 

  0x0000020c001e9fe0: ; ImmutableOopMap {rdx=Oop rsi=Oop rdi=Oop rbx=Oop rcx=Oop [160]=Oop [168]=Oop [176]=Oop [184]=Oop }
                      ;*synchronization entry
                      ; - java.lang.invoke.Invokers::checkExactType@-1 (line 529)
                      ; - java.lang.invoke.Invokers$Holder::invokeExact_MT@10
                      ; - jdk.internal.reflect.DirectConstructorHandleAccessor::invokeImpl@69 (line 88)
                      ; - jdk.internal.reflect.DirectConstructorHandleAccessor::newInstance@60 (line 62)
  0x0000020c001e9fe0: aa45 07e9 | 65e6 ffff 

  0x0000020c001e9fe8: ;   {runtime_call throw_null_pointer_exception Runtime1 stub}
  0x0000020c001e9fe8: e813 5945 

  0x0000020c001e9fec: ; ImmutableOopMap {rdx=Oop rsi=Oop rdi=Oop rbx=Oop rcx=Oop [160]=Oop [168]=Oop [176]=Oop [184]=Oop }
                      ;*invokevirtual type {reexecute=0 rethrow=0 return_oop=0}
                      ; - java.lang.invoke.Invokers::checkExactType@1 (line 529)
                      ; - java.lang.invoke.Invokers$Holder::invokeExact_MT@10
                      ; - jdk.internal.reflect.DirectConstructorHandleAccessor::invokeImpl@69 (line 88)
                      ; - jdk.internal.reflect.DirectConstructorHandleAccessor::newInstance@60 (line 62)
                      ;   {metadata({method} {0x0000020c133e5298} 'checkCustomized' '(Ljava/lang/invoke/MethodHandle;)V' in 'java/lang/invoke/Invokers')}
  0x0000020c001e9fec: 0749 ba90 | 523e 130c | 0200 004c | 8954 2408 | 48c7 0424 | ffff ffff 

  0x0000020c001ea004: ;   {runtime_call counter_overflow Runtime1 stub}
  0x0000020c001ea004: e8f7 a945 

  0x0000020c001ea008: ; ImmutableOopMap {rdx=Oop rsi=Oop rdi=Oop rbx=Oop [160]=Oop [168]=Oop [176]=Oop [184]=Oop }
                      ;*synchronization entry
                      ; - java.lang.invoke.Invokers::checkCustomized@-1 (line 623)
                      ; - java.lang.invoke.Invokers$Holder::invokeExact_MT@14
                      ; - jdk.internal.reflect.DirectConstructorHandleAccessor::invokeImpl@69 (line 88)
                      ; - jdk.internal.reflect.DirectConstructorHandleAccessor::newInstance@60 (line 62)
  0x0000020c001ea008: 07e9 a1e7 

  0x0000020c001ea00c: ;   {metadata({method} {0x0000020c13096ff8} 'isCompileConstant' '(Ljava/lang/Object;)Z' in 'java/lang/invoke/MethodHandleImpl')}
  0x0000020c001ea00c: ffff 49ba | f06f 0913 | 0c02 0000 | 4c89 5424 | 0848 c704 | 24ff ffff 

  0x0000020c001ea024: ;   {runtime_call counter_overflow Runtime1 stub}
  0x0000020c001ea024: ffe8 d6a9 

  0x0000020c001ea028: ; ImmutableOopMap {rdx=Oop rsi=Oop rdi=Oop rbx=Oop [160]=Oop [168]=Oop [176]=Oop [184]=Oop }
                      ;*synchronization entry
                      ; - java.lang.invoke.MethodHandleImpl::isCompileConstant@-1 (line 618)
                      ; - java.lang.invoke.Invokers::checkCustomized@1 (line 623)
                      ; - java.lang.invoke.Invokers$Holder::invokeExact_MT@14
                      ; - jdk.internal.reflect.DirectConstructorHandleAccessor::invokeImpl@69 (line 88)
                      ; - jdk.internal.reflect.DirectConstructorHandleAccessor::newInstance@60 (line 62)
  0x0000020c001ea028: 4507 e9b9 

  0x0000020c001ea02c: ;   {runtime_call throw_null_pointer_exception Runtime1 stub}
  0x0000020c001ea02c: e7ff ffe8 

  0x0000020c001ea030: ; ImmutableOopMap {rdx=Oop rsi=Oop rdi=Oop rbx=Oop [160]=Oop [168]=Oop [176]=Oop [184]=Oop }
                      ;*getfield customized {reexecute=1 rethrow=0 return_oop=0}
                      ; - (reexecute) java.lang.invoke.Invokers::checkCustomized@12 (line 626)
                      ; - java.lang.invoke.Invokers$Holder::invokeExact_MT@14
                      ; - jdk.internal.reflect.DirectConstructorHandleAccessor::invokeImpl@69 (line 88)
                      ; - jdk.internal.reflect.DirectConstructorHandleAccessor::newInstance@60 (line 62)
  0x0000020c001ea030: cc58 4507 

  0x0000020c001ea034: ;   {internal_word}
  0x0000020c001ea034: 49ba 5c8a | 1e00 0c02 | 0000 4d89 | 9768 0400 

  0x0000020c001ea044: ;   {runtime_call SafepointBlob}
  0x0000020c001ea044: 00e9 b6b6 

  0x0000020c001ea048: ;   {runtime_call throw_null_pointer_exception Runtime1 stub}
  0x0000020c001ea048: 3907 e8b1 

  0x0000020c001ea04c: ; ImmutableOopMap {rdx=Oop r8=Oop rsi=Oop [160]=Oop [200]=Oop }
                      ;*aaload {reexecute=0 rethrow=0 return_oop=0}
                      ; - jdk.internal.reflect.DirectConstructorHandleAccessor::invokeImpl@52 (line 87)
                      ; - jdk.internal.reflect.DirectConstructorHandleAccessor::newInstance@60 (line 62)
                      ;   {runtime_call throw_null_pointer_exception Runtime1 stub}
  0x0000020c001ea04c: 5845 07e8 

  0x0000020c001ea050: ; ImmutableOopMap {rdx=Oop r8=Oop rsi=Oop [160]=Oop [200]=Oop }
                      ;*aaload {reexecute=0 rethrow=0 return_oop=0}
                      ; - jdk.internal.reflect.DirectConstructorHandleAccessor::invokeImpl@52 (line 87)
                      ; - jdk.internal.reflect.DirectConstructorHandleAccessor::newInstance@60 (line 62)
  0x0000020c001ea050: ac58 4507 | 48c7 0424 | 0000 0000 | 4c89 4424 

  0x0000020c001ea060: ;   {runtime_call throw_range_check_failed Runtime1 stub}
  0x0000020c001ea060: 08e8 9a4f 

  0x0000020c001ea064: ; ImmutableOopMap {rdx=Oop r8=Oop rsi=Oop [160]=Oop [200]=Oop }
                      ;*aaload {reexecute=0 rethrow=0 return_oop=0}
                      ; - jdk.internal.reflect.DirectConstructorHandleAccessor::invokeImpl@52 (line 87)
                      ; - jdk.internal.reflect.DirectConstructorHandleAccessor::newInstance@60 (line 62)
                      ;   {metadata({method} {0x0000020c130b1330} 'invokeExact_MT' '(Ljava/lang/Object;Ljava/lang/Object;Ljava/lang/Object;)Ljava/lang/Object;' in 'java/lang/invoke/Invokers$Holder')}
  0x0000020c001ea064: 4507 49ba | 2813 0b13 | 0c02 0000 | 4c89 5424 | 0848 c704 | 24ff ffff 

  0x0000020c001ea07c: ;   {runtime_call counter_overflow Runtime1 stub}
  0x0000020c001ea07c: ffe8 7ea9 

  0x0000020c001ea080: ; ImmutableOopMap {rdx=Oop rsi=Oop rdi=Oop [160]=Oop [192]=Oop [200]=Oop }
                      ;*synchronization entry
                      ; - java.lang.invoke.Invokers$Holder::invokeExact_MT@-1
                      ; - jdk.internal.reflect.DirectConstructorHandleAccessor::invokeImpl@53 (line 87)
                      ; - jdk.internal.reflect.DirectConstructorHandleAccessor::newInstance@60 (line 62)
  0x0000020c001ea080: 4507 e966 

  0x0000020c001ea084: ;   {metadata({method} {0x0000020c133e53a0} 'checkExactType' '(Ljava/lang/invoke/MethodHandle;Ljava/lang/invoke/MethodType;)V' in 'java/lang/invoke/Invokers')}
  0x0000020c001ea084: ebff ff49 | ba98 533e | 130c 0200 | 004c 8954 | 2408 48c7 | 0424 ffff 

  0x0000020c001ea09c: ;   {runtime_call counter_overflow Runtime1 stub}
  0x0000020c001ea09c: ffff e85d 

  0x0000020c001ea0a0: ; ImmutableOopMap {rdx=Oop rsi=Oop rdi=Oop rax=Oop [160]=Oop [192]=Oop [200]=Oop }
                      ;*synchronization entry
                      ; - java.lang.invoke.Invokers::checkExactType@-1 (line 529)
                      ; - java.lang.invoke.Invokers$Holder::invokeExact_MT@10
                      ; - jdk.internal.reflect.DirectConstructorHandleAccessor::invokeImpl@53 (line 87)
                      ; - jdk.internal.reflect.DirectConstructorHandleAccessor::newInstance@60 (line 62)
  0x0000020c001ea0a0: a945 07e9 | 04ec ffff 

  0x0000020c001ea0a8: ;   {runtime_call throw_null_pointer_exception Runtime1 stub}
  0x0000020c001ea0a8: e853 5845 

  0x0000020c001ea0ac: ; ImmutableOopMap {rdx=Oop rsi=Oop rdi=Oop rax=Oop [160]=Oop [192]=Oop [200]=Oop }
                      ;*invokevirtual type {reexecute=0 rethrow=0 return_oop=0}
                      ; - java.lang.invoke.Invokers::checkExactType@1 (line 529)
                      ; - java.lang.invoke.Invokers$Holder::invokeExact_MT@10
                      ; - jdk.internal.reflect.DirectConstructorHandleAccessor::invokeImpl@53 (line 87)
                      ; - jdk.internal.reflect.DirectConstructorHandleAccessor::newInstance@60 (line 62)
                      ;   {metadata({method} {0x0000020c133e5298} 'checkCustomized' '(Ljava/lang/invoke/MethodHandle;)V' in 'java/lang/invoke/Invokers')}
  0x0000020c001ea0ac: 0749 ba90 | 523e 130c | 0200 004c | 8954 2408 | 48c7 0424 | ffff ffff 

  0x0000020c001ea0c4: ;   {runtime_call counter_overflow Runtime1 stub}
  0x0000020c001ea0c4: e837 a945 

  0x0000020c001ea0c8: ; ImmutableOopMap {rdx=Oop rsi=Oop rdi=Oop [160]=Oop [192]=Oop [200]=Oop }
                      ;*synchronization entry
                      ; - java.lang.invoke.Invokers::checkCustomized@-1 (line 623)
                      ; - java.lang.invoke.Invokers$Holder::invokeExact_MT@14
                      ; - jdk.internal.reflect.DirectConstructorHandleAccessor::invokeImpl@53 (line 87)
                      ; - jdk.internal.reflect.DirectConstructorHandleAccessor::newInstance@60 (line 62)
  0x0000020c001ea0c8: 07e9 3ced 

  0x0000020c001ea0cc: ;   {metadata({method} {0x0000020c13096ff8} 'isCompileConstant' '(Ljava/lang/Object;)Z' in 'java/lang/invoke/MethodHandleImpl')}
  0x0000020c001ea0cc: ffff 49ba | f06f 0913 | 0c02 0000 | 4c89 5424 | 0848 c704 | 24ff ffff 

  0x0000020c001ea0e4: ;   {runtime_call counter_overflow Runtime1 stub}
  0x0000020c001ea0e4: ffe8 16a9 

  0x0000020c001ea0e8: ; ImmutableOopMap {rdx=Oop rsi=Oop rdi=Oop [160]=Oop [192]=Oop [200]=Oop }
                      ;*synchronization entry
                      ; - java.lang.invoke.MethodHandleImpl::isCompileConstant@-1 (line 618)
                      ; - java.lang.invoke.Invokers::checkCustomized@1 (line 623)
                      ; - java.lang.invoke.Invokers$Holder::invokeExact_MT@14
                      ; - jdk.internal.reflect.DirectConstructorHandleAccessor::invokeImpl@53 (line 87)
                      ; - jdk.internal.reflect.DirectConstructorHandleAccessor::newInstance@60 (line 62)
  0x0000020c001ea0e8: 4507 e953 

  0x0000020c001ea0ec: ;   {runtime_call throw_null_pointer_exception Runtime1 stub}
  0x0000020c001ea0ec: edff ffe8 

  0x0000020c001ea0f0: ; ImmutableOopMap {rdx=Oop rsi=Oop rdi=Oop [160]=Oop [192]=Oop [200]=Oop }
                      ;*getfield customized {reexecute=1 rethrow=0 return_oop=0}
                      ; - (reexecute) java.lang.invoke.Invokers::checkCustomized@12 (line 626)
                      ; - java.lang.invoke.Invokers$Holder::invokeExact_MT@14
                      ; - jdk.internal.reflect.DirectConstructorHandleAccessor::invokeImpl@53 (line 87)
                      ; - jdk.internal.reflect.DirectConstructorHandleAccessor::newInstance@60 (line 62)
  0x0000020c001ea0f0: 0c58 4507 

  0x0000020c001ea0f4: ;   {internal_word}
  0x0000020c001ea0f4: 49ba 4c90 | 1e00 0c02 | 0000 4d89 | 9768 0400 

  0x0000020c001ea104: ;   {runtime_call SafepointBlob}
  0x0000020c001ea104: 00e9 f6b5 

  0x0000020c001ea108: ;   {metadata({method} {0x0000020c130b12d8} 'invokeExact_MT' '(Ljava/lang/Object;Ljava/lang/Object;)Ljava/lang/Object;' in 'java/lang/invoke/Invokers$Holder')}
  0x0000020c001ea108: 3907 49ba | d012 0b13 | 0c02 0000 | 4c89 5424 | 0848 c704 | 24ff ffff 

  0x0000020c001ea120: ;   {runtime_call counter_overflow Runtime1 stub}
  0x0000020c001ea120: ffe8 daa8 

  0x0000020c001ea124: ; ImmutableOopMap {rdx=Oop rsi=Oop rbx=Oop [160]=Oop [208]=Oop }
                      ;*synchronization entry
                      ; - java.lang.invoke.Invokers$Holder::invokeExact_MT@-1
                      ; - jdk.internal.reflect.DirectConstructorHandleAccessor::invokeImpl@40 (line 86)
                      ; - jdk.internal.reflect.DirectConstructorHandleAccessor::newInstance@60 (line 62)
  0x0000020c001ea124: 4507 e937 

  0x0000020c001ea128: ;   {metadata({method} {0x0000020c133e53a0} 'checkExactType' '(Ljava/lang/invoke/MethodHandle;Ljava/lang/invoke/MethodType;)V' in 'java/lang/invoke/Invokers')}
  0x0000020c001ea128: f0ff ff49 | ba98 533e | 130c 0200 | 004c 8954 | 2408 48c7 | 0424 ffff 

  0x0000020c001ea140: ;   {runtime_call counter_overflow Runtime1 stub}
  0x0000020c001ea140: ffff e8b9 

  0x0000020c001ea144: ; ImmutableOopMap {rdx=Oop rsi=Oop rbx=Oop [160]=Oop [208]=Oop }
                      ;*synchronization entry
                      ; - java.lang.invoke.Invokers::checkExactType@-1 (line 529)
                      ; - java.lang.invoke.Invokers$Holder::invokeExact_MT@10
                      ; - jdk.internal.reflect.DirectConstructorHandleAccessor::invokeImpl@40 (line 86)
                      ; - jdk.internal.reflect.DirectConstructorHandleAccessor::newInstance@60 (line 62)
  0x0000020c001ea144: a845 07e9 | caf0 ffff 

  0x0000020c001ea14c: ;   {runtime_call throw_null_pointer_exception Runtime1 stub}
  0x0000020c001ea14c: e8af 5745 

  0x0000020c001ea150: ; ImmutableOopMap {rdx=Oop rsi=Oop rbx=Oop [160]=Oop [208]=Oop }
                      ;*invokevirtual type {reexecute=0 rethrow=0 return_oop=0}
                      ; - java.lang.invoke.Invokers::checkExactType@1 (line 529)
                      ; - java.lang.invoke.Invokers$Holder::invokeExact_MT@10
                      ; - jdk.internal.reflect.DirectConstructorHandleAccessor::invokeImpl@40 (line 86)
                      ; - jdk.internal.reflect.DirectConstructorHandleAccessor::newInstance@60 (line 62)
                      ;   {metadata({method} {0x0000020c133e5298} 'checkCustomized' '(Ljava/lang/invoke/MethodHandle;)V' in 'java/lang/invoke/Invokers')}
  0x0000020c001ea150: 0749 ba90 | 523e 130c | 0200 004c | 8954 2408 | 48c7 0424 | ffff ffff 

  0x0000020c001ea168: ;   {runtime_call counter_overflow Runtime1 stub}
  0x0000020c001ea168: e893 a845 

  0x0000020c001ea16c: ; ImmutableOopMap {rdx=Oop rsi=Oop [160]=Oop [208]=Oop }
                      ;*synchronization entry
                      ; - java.lang.invoke.Invokers::checkCustomized@-1 (line 623)
                      ; - java.lang.invoke.Invokers$Holder::invokeExact_MT@14
                      ; - jdk.internal.reflect.DirectConstructorHandleAccessor::invokeImpl@40 (line 86)
                      ; - jdk.internal.reflect.DirectConstructorHandleAccessor::newInstance@60 (line 62)
  0x0000020c001ea16c: 07e9 06f2 

  0x0000020c001ea170: ;   {metadata({method} {0x0000020c13096ff8} 'isCompileConstant' '(Ljava/lang/Object;)Z' in 'java/lang/invoke/MethodHandleImpl')}
  0x0000020c001ea170: ffff 49ba | f06f 0913 | 0c02 0000 | 4c89 5424 | 0848 c704 | 24ff ffff 

  0x0000020c001ea188: ;   {runtime_call counter_overflow Runtime1 stub}
  0x0000020c001ea188: ffe8 72a8 

  0x0000020c001ea18c: ; ImmutableOopMap {rdx=Oop rsi=Oop [160]=Oop [208]=Oop }
                      ;*synchronization entry
                      ; - java.lang.invoke.MethodHandleImpl::isCompileConstant@-1 (line 618)
                      ; - java.lang.invoke.Invokers::checkCustomized@1 (line 623)
                      ; - java.lang.invoke.Invokers$Holder::invokeExact_MT@14
                      ; - jdk.internal.reflect.DirectConstructorHandleAccessor::invokeImpl@40 (line 86)
                      ; - jdk.internal.reflect.DirectConstructorHandleAccessor::newInstance@60 (line 62)
  0x0000020c001ea18c: 4507 e91e 

  0x0000020c001ea190: ;   {runtime_call throw_null_pointer_exception Runtime1 stub}
  0x0000020c001ea190: f2ff ffe8 

  0x0000020c001ea194: ; ImmutableOopMap {rdx=Oop rsi=Oop [160]=Oop [208]=Oop }
                      ;*getfield customized {reexecute=1 rethrow=0 return_oop=0}
                      ; - (reexecute) java.lang.invoke.Invokers::checkCustomized@12 (line 626)
                      ; - java.lang.invoke.Invokers$Holder::invokeExact_MT@14
                      ; - jdk.internal.reflect.DirectConstructorHandleAccessor::invokeImpl@40 (line 86)
                      ; - jdk.internal.reflect.DirectConstructorHandleAccessor::newInstance@60 (line 62)
  0x0000020c001ea194: 6857 4507 

  0x0000020c001ea198: ;   {internal_word}
  0x0000020c001ea198: 49ba 3e95 | 1e00 0c02 | 0000 4d89 | 9768 0400 

  0x0000020c001ea1a8: ;   {runtime_call SafepointBlob}
  0x0000020c001ea1a8: 00e9 52b5 

  0x0000020c001ea1ac: ;   {runtime_call throw_null_pointer_exception Runtime1 stub}
  0x0000020c001ea1ac: 3907 e84d 

  0x0000020c001ea1b0: ; ImmutableOopMap {rax=Oop [160]=Oop [208]=Oop }
                      ;*athrow {reexecute=1 rethrow=0 return_oop=0}
                      ; - (reexecute) java.lang.invoke.Invokers::checkExactType@15 (line 531)
                      ; - java.lang.invoke.Invokers$Holder::invokeExact_MT@10
                      ; - jdk.internal.reflect.DirectConstructorHandleAccessor::invokeImpl@40 (line 86)
                      ; - jdk.internal.reflect.DirectConstructorHandleAccessor::newInstance@60 (line 62)
                      ;   {runtime_call throw_null_pointer_exception Runtime1 stub}
  0x0000020c001ea1b0: 5745 07e8 

  0x0000020c001ea1b4: ; ImmutableOopMap {rax=Oop [160]=Oop [192]=Oop [200]=Oop }
                      ;*athrow {reexecute=1 rethrow=0 return_oop=0}
                      ; - (reexecute) java.lang.invoke.Invokers::checkExactType@15 (line 531)
                      ; - java.lang.invoke.Invokers$Holder::invokeExact_MT@10
                      ; - jdk.internal.reflect.DirectConstructorHandleAccessor::invokeImpl@53 (line 87)
                      ; - jdk.internal.reflect.DirectConstructorHandleAccessor::newInstance@60 (line 62)
  0x0000020c001ea1b4: 4857 4507 

  0x0000020c001ea1b8: ;   {runtime_call throw_null_pointer_exception Runtime1 stub}
  0x0000020c001ea1b8: e843 5745 

  0x0000020c001ea1bc: ; ImmutableOopMap {rax=Oop [160]=Oop [168]=Oop [176]=Oop [184]=Oop }
                      ;*athrow {reexecute=1 rethrow=0 return_oop=0}
                      ; - (reexecute) java.lang.invoke.Invokers::checkExactType@15 (line 531)
                      ; - java.lang.invoke.Invokers$Holder::invokeExact_MT@10
                      ; - jdk.internal.reflect.DirectConstructorHandleAccessor::invokeImpl@69 (line 88)
                      ; - jdk.internal.reflect.DirectConstructorHandleAccessor::newInstance@60 (line 62)
                      ;   {metadata({method} {0x0000020c133cff78} 'isIllegalArgument' '(Ljava/lang/RuntimeException;)Z' in 'jdk/internal/reflect/DirectConstructorHandleAccessor')}
  0x0000020c001ea1bc: 0749 ba70 | ff3c 130c | 0200 004c | 8954 2408 | 48c7 0424 | ffff ffff 

  0x0000020c001ea1d4: ;   {runtime_call counter_overflow Runtime1 stub}
  0x0000020c001ea1d4: e827 a845 

  0x0000020c001ea1d8: ; ImmutableOopMap {rax=Oop }
                      ;*synchronization entry
                      ; - jdk.internal.reflect.DirectConstructorHandleAccessor::isIllegalArgument@-1 (line 79)
                      ; - jdk.internal.reflect.DirectConstructorHandleAccessor::newInstance@96 (line 69)
  0x0000020c001ea1d8: 07e9 92f4 

  0x0000020c001ea1dc: ;   {metadata({method} {0x0000020c133cff78} 'isIllegalArgument' '(Ljava/lang/RuntimeException;)Z' in 'jdk/internal/reflect/DirectConstructorHandleAccessor')}
  0x0000020c001ea1dc: ffff 49ba | 70ff 3c13 | 0c02 0000 | 4c89 5424 | 0848 c704 | 24ff ffff 

  0x0000020c001ea1f4: ;   {runtime_call counter_overflow Runtime1 stub}
  0x0000020c001ea1f4: ffe8 06a8 

  0x0000020c001ea1f8: ; ImmutableOopMap {rax=Oop }
                      ;*synchronization entry
                      ; - jdk.internal.reflect.DirectConstructorHandleAccessor::isIllegalArgument@-1 (line 79)
                      ; - jdk.internal.reflect.DirectConstructorHandleAccessor::newInstance@67 (line 64)
  0x0000020c001ea1f8: 4507 e932 

  0x0000020c001ea1fc: ;   {metadata(nullptr)}
  0x0000020c001ea1fc: f5ff ff48 | ba00 0000 | 0000 0000 | 00b8 000f 

  0x0000020c001ea20c: ;   {runtime_call load_klass_patching Runtime1 stub}
  0x0000020c001ea20c: 050a e86d 

  0x0000020c001ea210: ; ImmutableOopMap {[224]=Oop }
                      ;*new {reexecute=1 rethrow=0 return_oop=0}
                      ; - (reexecute) jdk.internal.reflect.DirectConstructorHandleAccessor::newInstance@73 (line 65)
  0x0000020c001ea210: 9745 07e9 | 78f5 ffff 

  0x0000020c001ea218: ;   {runtime_call fast_new_instance Runtime1 stub}
  0x0000020c001ea218: 488b d2e8 

  0x0000020c001ea21c: ; ImmutableOopMap {[224]=Oop }
                      ;*new {reexecute=0 rethrow=0 return_oop=0}
                      ; - jdk.internal.reflect.DirectConstructorHandleAccessor::newInstance@73 (line 65)
  0x0000020c001ea21c: e05f 4507 | e9c3 f5ff 

  0x0000020c001ea224: ;   {metadata(nullptr)}
  0x0000020c001ea224: ff48 ba00 | 0000 0000 | 0000 00b8 | 000f 050a 

  0x0000020c001ea234: ;   {runtime_call load_klass_patching Runtime1 stub}
  0x0000020c001ea234: e847 9745 

  0x0000020c001ea238: ; ImmutableOopMap {r8=Oop }
                      ;*new {reexecute=1 rethrow=0 return_oop=0}
                      ; - (reexecute) jdk.internal.reflect.DirectConstructorHandleAccessor::newInstance@84 (line 67)
  0x0000020c001ea238: 07e9 0af6 | ffff 488b 

  0x0000020c001ea240: ;   {runtime_call new_instance Runtime1 stub}
  0x0000020c001ea240: d2e8 ba5c 

  0x0000020c001ea244: ; ImmutableOopMap {r8=Oop }
                      ;*new {reexecute=0 rethrow=0 return_oop=0}
                      ; - jdk.internal.reflect.DirectConstructorHandleAccessor::newInstance@84 (line 67)
  0x0000020c001ea244: 4507 e90c 

  0x0000020c001ea248: ;   {metadata(nullptr)}
  0x0000020c001ea248: f6ff ff48 | ba00 0000 | 0000 0000 | 00b8 000f 

  0x0000020c001ea258: ;   {runtime_call load_klass_patching Runtime1 stub}
  0x0000020c001ea258: 050a e821 

  0x0000020c001ea25c: ; ImmutableOopMap {[216]=Oop }
                      ;*new {reexecute=1 rethrow=0 return_oop=0}
                      ; - (reexecute) jdk.internal.reflect.DirectConstructorHandleAccessor::newInstance@102 (line 70)
  0x0000020c001ea25c: 9745 07e9 | 34f6 ffff 

  0x0000020c001ea264: ;   {runtime_call fast_new_instance Runtime1 stub}
  0x0000020c001ea264: 488b d2e8 

  0x0000020c001ea268: ; ImmutableOopMap {[216]=Oop }
                      ;*new {reexecute=0 rethrow=0 return_oop=0}
                      ; - jdk.internal.reflect.DirectConstructorHandleAccessor::newInstance@102 (line 70)
  0x0000020c001ea268: 945f 4507 | e97f f6ff 

  0x0000020c001ea270: ;   {metadata(nullptr)}
  0x0000020c001ea270: ff48 ba00 | 0000 0000 | 0000 00b8 | 000f 050a 

  0x0000020c001ea280: ;   {runtime_call load_klass_patching Runtime1 stub}
  0x0000020c001ea280: e8fb 9645 

  0x0000020c001ea284: ; ImmutableOopMap {r8=Oop }
                      ;*new {reexecute=1 rethrow=0 return_oop=0}
                      ; - (reexecute) jdk.internal.reflect.DirectConstructorHandleAccessor::newInstance@111 (line 72)
  0x0000020c001ea284: 07e9 bef6 | ffff 488b 

  0x0000020c001ea28c: ;   {runtime_call new_instance Runtime1 stub}
  0x0000020c001ea28c: d2e8 6e5c 

  0x0000020c001ea290: ; ImmutableOopMap {r8=Oop }
                      ;*new {reexecute=0 rethrow=0 return_oop=0}
                      ; - jdk.internal.reflect.DirectConstructorHandleAccessor::newInstance@111 (line 72)
  0x0000020c001ea290: 4507 e9c0 

  0x0000020c001ea294: ;   {metadata(nullptr)}
  0x0000020c001ea294: f6ff ff48 | ba00 0000 | 0000 0000 | 00b8 000f 

  0x0000020c001ea2a4: ;   {runtime_call load_klass_patching Runtime1 stub}
  0x0000020c001ea2a4: 050a e8d5 

  0x0000020c001ea2a8: ; ImmutableOopMap {[160]=Oop }
                      ;*new {reexecute=1 rethrow=0 return_oop=0}
                      ; - (reexecute) jdk.internal.reflect.DirectConstructorHandleAccessor::newInstance@19 (line 59)
  0x0000020c001ea2a8: 9645 07e9 | f0f6 ffff 

  0x0000020c001ea2b0: ;   {runtime_call fast_new_instance Runtime1 stub}
  0x0000020c001ea2b0: 488b d2e8 

  0x0000020c001ea2b4: ; ImmutableOopMap {[160]=Oop }
                      ;*new {reexecute=0 rethrow=0 return_oop=0}
                      ; - jdk.internal.reflect.DirectConstructorHandleAccessor::newInstance@19 (line 59)
  0x0000020c001ea2b4: 485f 4507 | e93b f7ff | ff48 8bd2 

  0x0000020c001ea2c0: ;   {runtime_call fast_new_instance Runtime1 stub}
  0x0000020c001ea2c0: e83b 5f45 

  0x0000020c001ea2c4: ; ImmutableOopMap {[160]=Oop [280]=Oop }
                      ;*new {reexecute=0 rethrow=0 return_oop=0}
                      ; - jdk.internal.reflect.DirectConstructorHandleAccessor::newInstance@23 (line 59)
  0x0000020c001ea2c4: 07e9 86f7 

  0x0000020c001ea2c8: ;   {metadata({method} {0x0000020c13469828} '<init>' '()V' in 'java/lang/StringBuilder')}
  0x0000020c001ea2c8: ffff 49ba | 2098 4613 | 0c02 0000 | 4c89 5424 | 0848 c704 | 24ff ffff 

  0x0000020c001ea2e0: ;   {runtime_call counter_overflow Runtime1 stub}
  0x0000020c001ea2e0: ffe8 1aa7 

  0x0000020c001ea2e4: ; ImmutableOopMap {rax=Oop [160]=Oop [280]=Oop }
                      ;*synchronization entry
                      ; - java.lang.StringBuilder::<init>@-1 (line 106)
                      ; - jdk.internal.reflect.DirectConstructorHandleAccessor::newInstance@27 (line 59)
  0x0000020c001ea2e4: 4507 e9a3 

  0x0000020c001ea2e8: ;   {metadata({method} {0x0000020c13469618} 'append' '(Ljava/lang/String;)Ljava/lang/StringBuilder;' in 'java/lang/StringBuilder')}
  0x0000020c001ea2e8: f7ff ff49 | ba10 9646 | 130c 0200 | 004c 8954 | 2408 48c7 | 0424 ffff 

  0x0000020c001ea300: ;   {runtime_call counter_overflow Runtime1 stub}
  0x0000020c001ea300: ffff e8f9 

  0x0000020c001ea304: ; ImmutableOopMap {[160]=Oop [264]=Oop [280]=Oop }
                      ;*synchronization entry
                      ; - java.lang.StringBuilder::append@-1 (line 179)
                      ; - jdk.internal.reflect.DirectConstructorHandleAccessor::newInstance@32 (line 59)
  0x0000020c001ea304: a645 07e9 | fbf7 ffff 

  0x0000020c001ea30c: ;   {metadata({method} {0x0000020c134693b0} 'append' '(I)Ljava/lang/StringBuilder;' in 'java/lang/StringBuilder')}
  0x0000020c001ea30c: 49ba a893 | 4613 0c02 | 0000 4c89 | 5424 0848 | c704 24ff 

  0x0000020c001ea320: ;   {runtime_call counter_overflow Runtime1 stub}
  0x0000020c001ea320: ffff ffe8 

  0x0000020c001ea324: ; ImmutableOopMap {[160]=Oop [264]=Oop [280]=Oop }
                      ;*synchronization entry
                      ; - java.lang.StringBuilder::append@-1 (line 253)
                      ; - jdk.internal.reflect.DirectConstructorHandleAccessor::newInstance@36 (line 59)
  0x0000020c001ea324: d8a6 4507 | e95a f8ff 

  0x0000020c001ea32c: ;   {metadata({method} {0x0000020c13469618} 'append' '(Ljava/lang/String;)Ljava/lang/StringBuilder;' in 'java/lang/StringBuilder')}
  0x0000020c001ea32c: ff49 ba10 | 9646 130c | 0200 004c | 8954 2408 | 48c7 0424 | ffff ffff 

  0x0000020c001ea344: ;   {runtime_call counter_overflow Runtime1 stub}
  0x0000020c001ea344: e8b7 a645 

  0x0000020c001ea348: ; ImmutableOopMap {[160]=Oop [264]=Oop [280]=Oop }
                      ;*synchronization entry
                      ; - java.lang.StringBuilder::append@-1 (line 179)
                      ; - jdk.internal.reflect.DirectConstructorHandleAccessor::newInstance@41 (line 59)
  0x0000020c001ea348: 07e9 b9f8 

  0x0000020c001ea34c: ;   {metadata({method} {0x0000020c134693b0} 'append' '(I)Ljava/lang/StringBuilder;' in 'java/lang/StringBuilder')}
  0x0000020c001ea34c: ffff 49ba | a893 4613 | 0c02 0000 | 4c89 5424 | 0848 c704 | 24ff ffff 

  0x0000020c001ea364: ;   {runtime_call counter_overflow Runtime1 stub}
  0x0000020c001ea364: ffe8 96a6 

  0x0000020c001ea368: ; ImmutableOopMap {[264]=Oop [280]=Oop }
                      ;*synchronization entry
                      ; - java.lang.StringBuilder::append@-1 (line 253)
                      ; - jdk.internal.reflect.DirectConstructorHandleAccessor::newInstance@48 (line 59)
  0x0000020c001ea368: 4507 e922 

  0x0000020c001ea36c: ;   {metadata({method} {0x0000020c13008a30} 'toString' '()Ljava/lang/String;' in 'java/lang/StringBuilder')}
  0x0000020c001ea36c: f9ff ff49 | ba28 8a00 | 130c 0200 | 004c 8954 | 2408 48c7 | 0424 ffff 

  0x0000020c001ea384: ;   {runtime_call counter_overflow Runtime1 stub}
  0x0000020c001ea384: ffff e875 

  0x0000020c001ea388: ; ImmutableOopMap {[264]=Oop [280]=Oop }
                      ;*synchronization entry
                      ; - java.lang.StringBuilder::toString@-1 (line 475)
                      ; - jdk.internal.reflect.DirectConstructorHandleAccessor::newInstance@51 (line 59)
  0x0000020c001ea388: a645 07e9 | 75f9 ffff 

  0x0000020c001ea390: ;   {runtime_call fast_new_instance Runtime1 stub}
  0x0000020c001ea390: 488b d2e8 

  0x0000020c001ea394: ; ImmutableOopMap {[264]=Oop [280]=Oop }
                      ;*new {reexecute=0 rethrow=0 return_oop=0}
                      ; - java.lang.StringBuilder::toString@0 (line 475)
                      ; - jdk.internal.reflect.DirectConstructorHandleAccessor::newInstance@51 (line 59)
  0x0000020c001ea394: 685e 4507 | e9b8 f9ff 

  0x0000020c001ea39c: ;   {metadata({method} {0x0000020c1345d950} '<init>' '(Ljava/lang/StringBuilder;)V' in 'java/lang/String')}
  0x0000020c001ea39c: ff49 ba48 | d945 130c | 0200 004c | 8954 2408 | 48c7 0424 | ffff ffff 

  0x0000020c001ea3b4: ;   {runtime_call counter_overflow Runtime1 stub}
  0x0000020c001ea3b4: e847 a645 

  0x0000020c001ea3b8: ; ImmutableOopMap {rax=Oop [264]=Oop [280]=Oop }
                      ;*synchronization entry
                      ; - java.lang.String::<init>@-1 (line 1507)
                      ; - java.lang.StringBuilder::toString@5 (line 475)
                      ; - jdk.internal.reflect.DirectConstructorHandleAccessor::newInstance@51 (line 59)
  0x0000020c001ea3b8: 07e9 d8f9 

  0x0000020c001ea3bc: ;   {metadata(nullptr)}
  0x0000020c001ea3bc: ffff 48ba | 0000 0000 | 0000 0000 | b800 0f05 

  0x0000020c001ea3cc: ;   {runtime_call load_klass_patching Runtime1 stub}
  0x0000020c001ea3cc: 0ae8 ae95 

  0x0000020c001ea3d0: ; ImmutableOopMap {r8=Oop }
                      ;*new {reexecute=1 rethrow=0 return_oop=0}
                      ; - (reexecute) jdk.internal.reflect.DirectConstructorHandleAccessor::newInstance@121 (line 74)
  0x0000020c001ea3d0: 4507 e969 | faff ff48 

  0x0000020c001ea3d8: ;   {runtime_call new_instance Runtime1 stub}
  0x0000020c001ea3d8: 8bd2 e821 

  0x0000020c001ea3dc: ; ImmutableOopMap {r8=Oop }
                      ;*new {reexecute=0 rethrow=0 return_oop=0}
                      ; - jdk.internal.reflect.DirectConstructorHandleAccessor::newInstance@121 (line 74)
  0x0000020c001ea3dc: 5b45 07e9 | 6bfa ffff | 498b 8700 | 0500 0049 | c787 0005 | 0000 0000 | 0000 49c7 | 8708 0500 
  0x0000020c001ea3fc: 0000 0000 | 0048 81c4 | 4001 0000 

  0x0000020c001ea408: ;   {runtime_call unwind_exception Runtime1 stub}
  0x0000020c001ea408: 5de9 f245 | 4507 f4f4 
[Stub Code]
  0x0000020c001ea410: ;   {no_reloc}
  0x0000020c001ea410: 0f1f 4400 

  0x0000020c001ea414: ;   {static_stub}
  0x0000020c001ea414: 0048 bb00 | 0000 0000 

  0x0000020c001ea41c: ;   {runtime_call}
  0x0000020c001ea41c: 0000 00e9 | fbff ffff 

  0x0000020c001ea424: ;   {static_stub}
  0x0000020c001ea424: 9048 bb00 | 0000 0000 

  0x0000020c001ea42c: ;   {runtime_call}
  0x0000020c001ea42c: 0000 00e9 | fbff ffff 

  0x0000020c001ea434: ;   {static_stub}
  0x0000020c001ea434: 9048 bb00 | 0000 0000 

  0x0000020c001ea43c: ;   {runtime_call}
  0x0000020c001ea43c: 0000 00e9 | fbff ffff 

  0x0000020c001ea444: ;   {static_stub}
  0x0000020c001ea444: 9048 bb00 | 0000 0000 

  0x0000020c001ea44c: ;   {runtime_call}
  0x0000020c001ea44c: 0000 00e9 | fbff ffff 

  0x0000020c001ea454: ;   {static_stub}
  0x0000020c001ea454: 9048 bb00 | 0000 0000 

  0x0000020c001ea45c: ;   {runtime_call}
  0x0000020c001ea45c: 0000 00e9 | fbff ffff 

  0x0000020c001ea464: ;   {static_stub}
  0x0000020c001ea464: 9048 bb00 | 0000 0000 

  0x0000020c001ea46c: ;   {runtime_call}
  0x0000020c001ea46c: 0000 00e9 | fbff ffff 

  0x0000020c001ea474: ;   {static_stub}
  0x0000020c001ea474: 9048 bb00 | 0000 0000 

  0x0000020c001ea47c: ;   {runtime_call}
  0x0000020c001ea47c: 0000 00e9 | fbff ffff 

  0x0000020c001ea484: ;   {static_stub}
  0x0000020c001ea484: 9048 bb00 | 0000 0000 

  0x0000020c001ea48c: ;   {runtime_call}
  0x0000020c001ea48c: 0000 00e9 | fbff ffff 

  0x0000020c001ea494: ;   {static_stub}
  0x0000020c001ea494: 9048 bb00 | 0000 0000 

  0x0000020c001ea49c: ;   {runtime_call}
  0x0000020c001ea49c: 0000 00e9 | fbff ffff 

  0x0000020c001ea4a4: ;   {static_stub}
  0x0000020c001ea4a4: 9048 bb00 | 0000 0000 

  0x0000020c001ea4ac: ;   {runtime_call}
  0x0000020c001ea4ac: 0000 00e9 | fbff ffff 

  0x0000020c001ea4b4: ;   {static_stub}
  0x0000020c001ea4b4: 9048 bb00 | 0000 0000 

  0x0000020c001ea4bc: ;   {runtime_call}
  0x0000020c001ea4bc: 0000 00e9 | fbff ffff 

  0x0000020c001ea4c4: ;   {static_stub}
  0x0000020c001ea4c4: 48bb 0000 | 0000 0000 

  0x0000020c001ea4cc: ;   {runtime_call}
  0x0000020c001ea4cc: 0000 e9fb 

  0x0000020c001ea4d0: ;   {static_stub}
  0x0000020c001ea4d0: ffff ff48 | bb00 0000 | 0000 0000 

  0x0000020c001ea4dc: ;   {runtime_call}
  0x0000020c001ea4dc: 00e9 fbff 

  0x0000020c001ea4e0: ;   {static_stub}
  0x0000020c001ea4e0: ffff 48bb | 0000 0000 | 0000 0000 

  0x0000020c001ea4ec: ;   {runtime_call}
  0x0000020c001ea4ec: e9fb ffff 

  0x0000020c001ea4f0: ;   {static_stub}
  0x0000020c001ea4f0: ff48 bb00 | 0000 0000 

  0x0000020c001ea4f8: ;   {runtime_call}
  0x0000020c001ea4f8: 0000 00e9 | fbff ffff 

  0x0000020c001ea500: ;   {static_stub}
  0x0000020c001ea500: 48bb 0000 | 0000 0000 

  0x0000020c001ea508: ;   {runtime_call}
  0x0000020c001ea508: 0000 e9fb 

  0x0000020c001ea50c: ;   {static_stub}
  0x0000020c001ea50c: ffff ff48 | bb00 0000 | 0000 0000 

  0x0000020c001ea518: ;   {runtime_call}
  0x0000020c001ea518: 00e9 fbff 

  0x0000020c001ea51c: ;   {static_stub}
  0x0000020c001ea51c: ffff 48bb | 0000 0000 | 0000 0000 

  0x0000020c001ea528: ;   {runtime_call}
  0x0000020c001ea528: e9fb ffff 

  0x0000020c001ea52c: ;   {static_stub}
  0x0000020c001ea52c: ff48 bb00 | 0000 0000 

  0x0000020c001ea534: ;   {runtime_call}
  0x0000020c001ea534: 0000 00e9 | fbff ffff 

  0x0000020c001ea53c: ;   {static_stub}
  0x0000020c001ea53c: 48bb 0000 | 0000 0000 

  0x0000020c001ea544: ;   {runtime_call}
  0x0000020c001ea544: 0000 e9fb 

  0x0000020c001ea548: ;   {static_stub}
  0x0000020c001ea548: ffff ff48 | bb00 0000 | 0000 0000 

  0x0000020c001ea554: ;   {runtime_call}
  0x0000020c001ea554: 00e9 fbff 

  0x0000020c001ea558: ;   {runtime_call handle_exception_from_callee Runtime1 stub}
  0x0000020c001ea558: ffff e8a1 

  0x0000020c001ea55c: ;   {external_word}
  0x0000020c001ea55c: 7145 0748 | b9d0 f75c | b6fb 7f00 | 0048 83e4 

  0x0000020c001ea56c: ;   {runtime_call}
  0x0000020c001ea56c: f048 b8a0 | 1225 b6fb | 7f00 00ff 

  0x0000020c001ea578: ;   {section_word}
  0x0000020c001ea578: d0f4 49ba | 7aa5 1e00 | 0c02 0000 

  0x0000020c001ea584: ;   {runtime_call DeoptimizationBlob}
  0x0000020c001ea584: 4152 e915 

  0x0000020c001ea588: ;   {section_word}
  0x0000020c001ea588: a439 0749 | ba8b a51e | 000c 0200 

  0x0000020c001ea594: ;   {runtime_call DeoptimizationBlob}
  0x0000020c001ea594: 0041 52e9 | 04a4 3907 | f4f4 f4f4 
[/MachCode]


---------------  P R O C E S S  ---------------

Threads class SMR info:
_java_thread_list=0x0000020c58b15150, length=28, elements={
0x0000020c73425ca0, 0x0000020c7efd94f0, 0x0000020c7efdc420, 0x0000020c7efdeb90,
0x0000020c7efdf7f0, 0x0000020c7efea4a0, 0x0000020c7efeb030, 0x0000020c7efff9b0,
0x0000020c7f000580, 0x0000020c58224e70, 0x0000020c5822ae60, 0x0000020c584fe700,
0x0000020c5905e560, 0x0000020c59060db0, 0x0000020c5907c700, 0x0000020c59073620,
0x0000020c58c1fff0, 0x0000020c58c476b0, 0x0000020c58c47d40, 0x0000020c58c455e0,
0x0000020c58c45c70, 0x0000020c58c483d0, 0x0000020c58c46300, 0x0000020c58c48a60,
0x0000020c58c46990, 0x0000020c58c47020, 0x0000020c58340ea0, 0x0000020c5833e0b0
}

Java Threads: ( => current thread )
=>0x0000020c73425ca0 JavaThread "main"                              [_thread_in_vm, id=89460, stack(0x0000009363300000,0x0000009363400000) (1024K)]
  0x0000020c7efd94f0 JavaThread "Reference Handler"          daemon [_thread_blocked, id=92056, stack(0x0000009363b00000,0x0000009363c00000) (1024K)]
  0x0000020c7efdc420 JavaThread "Finalizer"                  daemon [_thread_blocked, id=89604, stack(0x0000009363c00000,0x0000009363d00000) (1024K)]
  0x0000020c7efdeb90 JavaThread "Signal Dispatcher"          daemon [_thread_blocked, id=91036, stack(0x0000009363d00000,0x0000009363e00000) (1024K)]
  0x0000020c7efdf7f0 JavaThread "Attach Listener"            daemon [_thread_blocked, id=91392, stack(0x0000009363e00000,0x0000009363f00000) (1024K)]
  0x0000020c7efea4a0 JavaThread "Service Thread"             daemon [_thread_blocked, id=91096, stack(0x0000009363f00000,0x0000009364000000) (1024K)]
  0x0000020c7efeb030 JavaThread "Monitor Deflation Thread"   daemon [_thread_blocked, id=90772, stack(0x0000009364000000,0x0000009364100000) (1024K)]
  0x0000020c7efff9b0 JavaThread "C2 CompilerThread0"         daemon [_thread_blocked, id=57520, stack(0x0000009364100000,0x0000009364200000) (1024K)]
  0x0000020c7f000580 JavaThread "C1 CompilerThread0"         daemon [_thread_blocked, id=87412, stack(0x0000009364200000,0x0000009364300000) (1024K)]
  0x0000020c58224e70 JavaThread "Notification Thread"        daemon [_thread_blocked, id=90024, stack(0x0000009364300000,0x0000009364400000) (1024K)]
  0x0000020c5822ae60 JavaThread "Common-Cleaner"             daemon [_thread_blocked, id=90564, stack(0x0000009364400000,0x0000009364500000) (1024K)]
  0x0000020c584fe700 JavaThread "ForkJoinPool.commonPool-worker-1" daemon [_thread_blocked, id=85412, stack(0x0000009364500000,0x0000009364600000) (1024K)]
  0x0000020c5905e560 JavaThread "HttpClient-1-SelectorManager" daemon [_thread_in_native, id=88720, stack(0x0000009364600000,0x0000009364700000) (1024K)]
  0x0000020c59060db0 JavaThread "External Process Output Forwarder - C:\Users\shend\.cache\selenium\chromedriver\win64\149.0.7827.22\chromedriver.exe" daemon [_thread_in_native, id=90932, stack(0x0000009364700000,0x0000009364800000) (1024K)]
  0x0000020c5907c700 JavaThread "Driver Service Executor"    daemon [_thread_blocked, id=88552, stack(0x0000009364800000,0x0000009364900000) (1024K)]
  0x0000020c59073620 JavaThread "Driver Service Executor"    daemon [_thread_in_native, id=88212, stack(0x0000009364900000,0x0000009364a00000) (1024K)]
  0x0000020c58c1fff0 JavaThread "UrlChecker-2"               daemon [_thread_blocked, id=89584, stack(0x0000009364a00000,0x0000009364b00000) (1024K)]
  0x0000020c58c476b0 JavaThread "Keep-Alive-Timer"           daemon [_thread_blocked, id=90172, stack(0x0000009364c00000,0x0000009364d00000) (1024K)]
  0x0000020c58c47d40 JavaThread "JdkHttpClient-0-0"          daemon [_thread_blocked, id=87044, stack(0x0000009365400000,0x0000009365500000) (1024K)]
  0x0000020c58c455e0 JavaThread "CompletableFutureDelayScheduler" daemon [_thread_blocked, id=91212, stack(0x0000009365500000,0x0000009365600000) (1024K)]
  0x0000020c58c45c70 JavaThread "JdkHttpClient-0-1"          daemon [_thread_blocked, id=87776, stack(0x0000009365600000,0x0000009365700000) (1024K)]
  0x0000020c58c483d0 JavaThread "JdkHttpClient-0-2"          daemon [_thread_blocked, id=90092, stack(0x0000009365700000,0x0000009365800000) (1024K)]
  0x0000020c58c46300 JavaThread "JdkHttpClient-0-3"          daemon [_thread_blocked, id=87164, stack(0x0000009365800000,0x0000009365900000) (1024K)]
  0x0000020c58c48a60 JavaThread "HttpClient-2-SelectorManager" daemon [_thread_in_native, id=83728, stack(0x0000009365900000,0x0000009365a00000) (1024K)]
  0x0000020c58c46990 JavaThread "JdkHttpClient-1-0"          daemon [_thread_blocked, id=83844, stack(0x0000009365a00000,0x0000009365b00000) (1024K)]
  0x0000020c58c47020 JavaThread "JdkHttpClient-1-1"          daemon [_thread_blocked, id=87632, stack(0x0000009365b00000,0x0000009365c00000) (1024K)]
  0x0000020c58340ea0 JavaThread "JdkHttpClient-1-2"          daemon [_thread_blocked, id=84892, stack(0x0000009365c00000,0x0000009365d00000) (1024K)]
  0x0000020c5833e0b0 JavaThread "JdkHttpClient-1-3"          daemon [_thread_blocked, id=86604, stack(0x0000009365d00000,0x0000009365e00000) (1024K)]
Total: 28

Other Threads:
  0x0000020c7efc2730 VMThread "VM Thread"                           [id=92044, stack(0x0000009363a00000,0x0000009363b00000) (1024K)]
  0x0000020c7efa99f0 WatcherThread "VM Periodic Task Thread"        [id=91296, stack(0x0000009363900000,0x0000009363a00000) (1024K)]
  0x0000020c75688fb0 WorkerThread "GC Thread#0"                     [id=90288, stack(0x0000009363400000,0x0000009363500000) (1024K)]
  0x0000020c58cf9e80 WorkerThread "GC Thread#1"                     [id=87660, stack(0x0000009364d00000,0x0000009364e00000) (1024K)]
  0x0000020c58cfe230 WorkerThread "GC Thread#2"                     [id=90388, stack(0x0000009364e00000,0x0000009364f00000) (1024K)]
  0x0000020c5908e2d0 WorkerThread "GC Thread#3"                     [id=88136, stack(0x0000009364f00000,0x0000009365000000) (1024K)]
  0x0000020c5908e670 WorkerThread "GC Thread#4"                     [id=87228, stack(0x0000009365000000,0x0000009365100000) (1024K)]
  0x0000020c5908ea10 WorkerThread "GC Thread#5"                     [id=90464, stack(0x0000009365100000,0x0000009365200000) (1024K)]
  0x0000020c5908f1c0 WorkerThread "GC Thread#6"                     [id=90560, stack(0x0000009365200000,0x0000009365300000) (1024K)]
  0x0000020c5908f970 WorkerThread "GC Thread#7"                     [id=86864, stack(0x0000009365300000,0x0000009365400000) (1024K)]
  0x0000020c7569bd00 ConcurrentGCThread "G1 Main Marker"            [id=91048, stack(0x0000009363500000,0x0000009363600000) (1024K)]
  0x0000020c7569c800 WorkerThread "G1 Conc#0"                       [id=90740, stack(0x0000009363600000,0x0000009363700000) (1024K)]
  0x0000020c756ee3d0 ConcurrentGCThread "G1 Refine#0"               [id=88068, stack(0x0000009363700000,0x0000009363800000) (1024K)]
  0x0000020c7ee7b140 ConcurrentGCThread "G1 Service"                [id=91024, stack(0x0000009363800000,0x0000009363900000) (1024K)]
Total: 14

Threads with active compile tasks:
Total: 0

VM state: not at safepoint (normal execution)

VM Mutex/Monitor currently owned by a thread:  ([mutex/lock_event])
[0x00007ffbb6865e18] Metaspace_lock - owner thread: 0x0000020c73425ca0

Heap address: 0x0000000082000000, size: 2016 MB, Compressed Oops mode: 32-bit

CDS archive(s) mapped at: [0x0000020c13000000-0x0000020c13c90000-0x0000020c13c90000), size 13172736, SharedBaseAddress: 0x0000020c13000000, ArchiveRelocationMode: 1.
Compressed class space mapped at: 0x0000020c14000000-0x0000020c54000000, reserved size: 1073741824
Narrow klass base: 0x0000020c13000000, Narrow klass shift: 0, Narrow klass range: 0x100000000

GC Precious Log:
 CardTable entry size: 512
 Card Set container configuration: InlinePtr #cards 5 size 8 Array Of Cards #cards 12 size 40 Howl #buckets 4 coarsen threshold 1843 Howl Bitmap #cards 512 size 80 coarsen threshold 460 Card regions per heap region 1 cards per card region 2048
 CPUs: 8 total, 8 available
 Memory: 8063M
 Large Page Support: Disabled
 NUMA Support: Disabled
 Compressed Oops: Enabled (32-bit)
 Heap Region Size: 1M
 Heap Min Capacity: 8M
 Heap Initial Capacity: 126M
 Heap Max Capacity: 2016M
 Pre-touch: Disabled
 Parallel Workers: 8
 Concurrent Workers: 2
 Concurrent Refinement Workers: 8
 Periodic GC: Disabled

Heap:
 garbage-first heap   total 129024K, used 15871K [0x0000000082000000, 0x0000000100000000)
  region size 1024K, 11 young (11264K), 3 survivors (3072K)
 Metaspace       used 11849K, committed 12096K, reserved 1114112K
  class space    used 1419K, committed 1536K, reserved 1048576K

Heap Regions: E=young(eden), S=young(survivor), O=old, HS=humongous(starts), HC=humongous(continues), CS=collection set, F=free, TAMS=top-at-mark-start, PB=parsable bottom
|   0|0x0000000082000000, 0x0000000082100000, 0x0000000082100000|100%|HS|  |TAMS 0x0000000082000000| PB 0x0000000082000000| Complete 
|   1|0x0000000082100000, 0x0000000082200000, 0x0000000082200000|100%|HS|  |TAMS 0x0000000082100000| PB 0x0000000082100000| Complete 
|   2|0x0000000082200000, 0x0000000082300000, 0x0000000082300000|100%| O|  |TAMS 0x0000000082200000| PB 0x0000000082200000| Untracked 
|   3|0x0000000082300000, 0x0000000082400000, 0x0000000082400000|100%| O|  |TAMS 0x0000000082300000| PB 0x0000000082300000| Untracked 
|   4|0x0000000082400000, 0x0000000082500000, 0x0000000082500000|100%| O|  |TAMS 0x0000000082400000| PB 0x0000000082400000| Untracked 
|   5|0x0000000082500000, 0x000000008257ff80, 0x0000000082600000| 49%| O|  |TAMS 0x0000000082500000| PB 0x0000000082500000| Untracked 
|   6|0x0000000082600000, 0x0000000082600000, 0x0000000082700000|  0%| F|  |TAMS 0x0000000082600000| PB 0x0000000082600000| Untracked 
|   7|0x0000000082700000, 0x0000000082700000, 0x0000000082800000|  0%| F|  |TAMS 0x0000000082700000| PB 0x0000000082700000| Untracked 
|   8|0x0000000082800000, 0x0000000082800000, 0x0000000082900000|  0%| F|  |TAMS 0x0000000082800000| PB 0x0000000082800000| Untracked 
|   9|0x0000000082900000, 0x0000000082900000, 0x0000000082a00000|  0%| F|  |TAMS 0x0000000082900000| PB 0x0000000082900000| Untracked 
|  10|0x0000000082a00000, 0x0000000082a00000, 0x0000000082b00000|  0%| F|  |TAMS 0x0000000082a00000| PB 0x0000000082a00000| Untracked 
|  11|0x0000000082b00000, 0x0000000082b00000, 0x0000000082c00000|  0%| F|  |TAMS 0x0000000082b00000| PB 0x0000000082b00000| Untracked 
|  12|0x0000000082c00000, 0x0000000082c00000, 0x0000000082d00000|  0%| F|  |TAMS 0x0000000082c00000| PB 0x0000000082c00000| Untracked 
|  13|0x0000000082d00000, 0x0000000082d00000, 0x0000000082e00000|  0%| F|  |TAMS 0x0000000082d00000| PB 0x0000000082d00000| Untracked 
|  14|0x0000000082e00000, 0x0000000082e00000, 0x0000000082f00000|  0%| F|  |TAMS 0x0000000082e00000| PB 0x0000000082e00000| Untracked 
|  15|0x0000000082f00000, 0x0000000082f00000, 0x0000000083000000|  0%| F|  |TAMS 0x0000000082f00000| PB 0x0000000082f00000| Untracked 
|  16|0x0000000083000000, 0x0000000083000000, 0x0000000083100000|  0%| F|  |TAMS 0x0000000083000000| PB 0x0000000083000000| Untracked 
|  17|0x0000000083100000, 0x0000000083100000, 0x0000000083200000|  0%| F|  |TAMS 0x0000000083100000| PB 0x0000000083100000| Untracked 
|  18|0x0000000083200000, 0x0000000083200000, 0x0000000083300000|  0%| F|  |TAMS 0x0000000083200000| PB 0x0000000083200000| Untracked 
|  19|0x0000000083300000, 0x0000000083300000, 0x0000000083400000|  0%| F|  |TAMS 0x0000000083300000| PB 0x0000000083300000| Untracked 
|  20|0x0000000083400000, 0x0000000083400000, 0x0000000083500000|  0%| F|  |TAMS 0x0000000083400000| PB 0x0000000083400000| Untracked 
|  21|0x0000000083500000, 0x0000000083500000, 0x0000000083600000|  0%| F|  |TAMS 0x0000000083500000| PB 0x0000000083500000| Untracked 
|  22|0x0000000083600000, 0x0000000083600000, 0x0000000083700000|  0%| F|  |TAMS 0x0000000083600000| PB 0x0000000083600000| Untracked 
|  23|0x0000000083700000, 0x0000000083700000, 0x0000000083800000|  0%| F|  |TAMS 0x0000000083700000| PB 0x0000000083700000| Untracked 
|  24|0x0000000083800000, 0x0000000083800000, 0x0000000083900000|  0%| F|  |TAMS 0x0000000083800000| PB 0x0000000083800000| Untracked 
|  25|0x0000000083900000, 0x0000000083900000, 0x0000000083a00000|  0%| F|  |TAMS 0x0000000083900000| PB 0x0000000083900000| Untracked 
|  26|0x0000000083a00000, 0x0000000083a00000, 0x0000000083b00000|  0%| F|  |TAMS 0x0000000083a00000| PB 0x0000000083a00000| Untracked 
|  27|0x0000000083b00000, 0x0000000083b00000, 0x0000000083c00000|  0%| F|  |TAMS 0x0000000083b00000| PB 0x0000000083b00000| Untracked 
|  28|0x0000000083c00000, 0x0000000083c00000, 0x0000000083d00000|  0%| F|  |TAMS 0x0000000083c00000| PB 0x0000000083c00000| Untracked 
|  29|0x0000000083d00000, 0x0000000083d00000, 0x0000000083e00000|  0%| F|  |TAMS 0x0000000083d00000| PB 0x0000000083d00000| Untracked 
|  30|0x0000000083e00000, 0x0000000083e00000, 0x0000000083f00000|  0%| F|  |TAMS 0x0000000083e00000| PB 0x0000000083e00000| Untracked 
|  31|0x0000000083f00000, 0x0000000083f00000, 0x0000000084000000|  0%| F|  |TAMS 0x0000000083f00000| PB 0x0000000083f00000| Untracked 
|  32|0x0000000084000000, 0x0000000084000000, 0x0000000084100000|  0%| F|  |TAMS 0x0000000084000000| PB 0x0000000084000000| Untracked 
|  33|0x0000000084100000, 0x0000000084100000, 0x0000000084200000|  0%| F|  |TAMS 0x0000000084100000| PB 0x0000000084100000| Untracked 
|  34|0x0000000084200000, 0x0000000084200000, 0x0000000084300000|  0%| F|  |TAMS 0x0000000084200000| PB 0x0000000084200000| Untracked 
|  35|0x0000000084300000, 0x0000000084300000, 0x0000000084400000|  0%| F|  |TAMS 0x0000000084300000| PB 0x0000000084300000| Untracked 
|  36|0x0000000084400000, 0x0000000084400000, 0x0000000084500000|  0%| F|  |TAMS 0x0000000084400000| PB 0x0000000084400000| Untracked 
|  37|0x0000000084500000, 0x0000000084500000, 0x0000000084600000|  0%| F|  |TAMS 0x0000000084500000| PB 0x0000000084500000| Untracked 
|  38|0x0000000084600000, 0x0000000084600000, 0x0000000084700000|  0%| F|  |TAMS 0x0000000084600000| PB 0x0000000084600000| Untracked 
|  39|0x0000000084700000, 0x0000000084700000, 0x0000000084800000|  0%| F|  |TAMS 0x0000000084700000| PB 0x0000000084700000| Untracked 
|  40|0x0000000084800000, 0x0000000084800000, 0x0000000084900000|  0%| F|  |TAMS 0x0000000084800000| PB 0x0000000084800000| Untracked 
|  41|0x0000000084900000, 0x0000000084900000, 0x0000000084a00000|  0%| F|  |TAMS 0x0000000084900000| PB 0x0000000084900000| Untracked 
|  42|0x0000000084a00000, 0x0000000084a00000, 0x0000000084b00000|  0%| F|  |TAMS 0x0000000084a00000| PB 0x0000000084a00000| Untracked 
|  43|0x0000000084b00000, 0x0000000084b00000, 0x0000000084c00000|  0%| F|  |TAMS 0x0000000084b00000| PB 0x0000000084b00000| Untracked 
|  44|0x0000000084c00000, 0x0000000084c00000, 0x0000000084d00000|  0%| F|  |TAMS 0x0000000084c00000| PB 0x0000000084c00000| Untracked 
|  45|0x0000000084d00000, 0x0000000084d00000, 0x0000000084e00000|  0%| F|  |TAMS 0x0000000084d00000| PB 0x0000000084d00000| Untracked 
|  46|0x0000000084e00000, 0x0000000084e00000, 0x0000000084f00000|  0%| F|  |TAMS 0x0000000084e00000| PB 0x0000000084e00000| Untracked 
|  47|0x0000000084f00000, 0x0000000084f00000, 0x0000000085000000|  0%| F|  |TAMS 0x0000000084f00000| PB 0x0000000084f00000| Untracked 
|  48|0x0000000085000000, 0x0000000085000000, 0x0000000085100000|  0%| F|  |TAMS 0x0000000085000000| PB 0x0000000085000000| Untracked 
|  49|0x0000000085100000, 0x0000000085100000, 0x0000000085200000|  0%| F|  |TAMS 0x0000000085100000| PB 0x0000000085100000| Untracked 
|  50|0x0000000085200000, 0x0000000085200000, 0x0000000085300000|  0%| F|  |TAMS 0x0000000085200000| PB 0x0000000085200000| Untracked 
|  51|0x0000000085300000, 0x0000000085300000, 0x0000000085400000|  0%| F|  |TAMS 0x0000000085300000| PB 0x0000000085300000| Untracked 
|  52|0x0000000085400000, 0x0000000085400000, 0x0000000085500000|  0%| F|  |TAMS 0x0000000085400000| PB 0x0000000085400000| Untracked 
|  53|0x0000000085500000, 0x0000000085500000, 0x0000000085600000|  0%| F|  |TAMS 0x0000000085500000| PB 0x0000000085500000| Untracked 
|  54|0x0000000085600000, 0x0000000085600000, 0x0000000085700000|  0%| F|  |TAMS 0x0000000085600000| PB 0x0000000085600000| Untracked 
|  55|0x0000000085700000, 0x0000000085700000, 0x0000000085800000|  0%| F|  |TAMS 0x0000000085700000| PB 0x0000000085700000| Untracked 
|  56|0x0000000085800000, 0x0000000085800000, 0x0000000085900000|  0%| F|  |TAMS 0x0000000085800000| PB 0x0000000085800000| Untracked 
|  57|0x0000000085900000, 0x0000000085900000, 0x0000000085a00000|  0%| F|  |TAMS 0x0000000085900000| PB 0x0000000085900000| Untracked 
|  58|0x0000000085a00000, 0x0000000085a00000, 0x0000000085b00000|  0%| F|  |TAMS 0x0000000085a00000| PB 0x0000000085a00000| Untracked 
|  59|0x0000000085b00000, 0x0000000085b00000, 0x0000000085c00000|  0%| F|  |TAMS 0x0000000085b00000| PB 0x0000000085b00000| Untracked 
|  60|0x0000000085c00000, 0x0000000085c00000, 0x0000000085d00000|  0%| F|  |TAMS 0x0000000085c00000| PB 0x0000000085c00000| Untracked 
|  61|0x0000000085d00000, 0x0000000085d00000, 0x0000000085e00000|  0%| F|  |TAMS 0x0000000085d00000| PB 0x0000000085d00000| Untracked 
|  62|0x0000000085e00000, 0x0000000085e00000, 0x0000000085f00000|  0%| F|  |TAMS 0x0000000085e00000| PB 0x0000000085e00000| Untracked 
|  63|0x0000000085f00000, 0x0000000085f00000, 0x0000000086000000|  0%| F|  |TAMS 0x0000000085f00000| PB 0x0000000085f00000| Untracked 
|  64|0x0000000086000000, 0x0000000086000000, 0x0000000086100000|  0%| F|  |TAMS 0x0000000086000000| PB 0x0000000086000000| Untracked 
|  65|0x0000000086100000, 0x0000000086100000, 0x0000000086200000|  0%| F|  |TAMS 0x0000000086100000| PB 0x0000000086100000| Untracked 
|  66|0x0000000086200000, 0x0000000086200000, 0x0000000086300000|  0%| F|  |TAMS 0x0000000086200000| PB 0x0000000086200000| Untracked 
|  67|0x0000000086300000, 0x0000000086300000, 0x0000000086400000|  0%| F|  |TAMS 0x0000000086300000| PB 0x0000000086300000| Untracked 
|  68|0x0000000086400000, 0x0000000086400000, 0x0000000086500000|  0%| F|  |TAMS 0x0000000086400000| PB 0x0000000086400000| Untracked 
|  69|0x0000000086500000, 0x0000000086500000, 0x0000000086600000|  0%| F|  |TAMS 0x0000000086500000| PB 0x0000000086500000| Untracked 
|  70|0x0000000086600000, 0x0000000086600000, 0x0000000086700000|  0%| F|  |TAMS 0x0000000086600000| PB 0x0000000086600000| Untracked 
|  71|0x0000000086700000, 0x0000000086700000, 0x0000000086800000|  0%| F|  |TAMS 0x0000000086700000| PB 0x0000000086700000| Untracked 
|  72|0x0000000086800000, 0x0000000086800000, 0x0000000086900000|  0%| F|  |TAMS 0x0000000086800000| PB 0x0000000086800000| Untracked 
|  73|0x0000000086900000, 0x0000000086900000, 0x0000000086a00000|  0%| F|  |TAMS 0x0000000086900000| PB 0x0000000086900000| Untracked 
|  74|0x0000000086a00000, 0x0000000086a00000, 0x0000000086b00000|  0%| F|  |TAMS 0x0000000086a00000| PB 0x0000000086a00000| Untracked 
|  75|0x0000000086b00000, 0x0000000086b00000, 0x0000000086c00000|  0%| F|  |TAMS 0x0000000086b00000| PB 0x0000000086b00000| Untracked 
|  76|0x0000000086c00000, 0x0000000086c00000, 0x0000000086d00000|  0%| F|  |TAMS 0x0000000086c00000| PB 0x0000000086c00000| Untracked 
|  77|0x0000000086d00000, 0x0000000086d00000, 0x0000000086e00000|  0%| F|  |TAMS 0x0000000086d00000| PB 0x0000000086d00000| Untracked 
|  78|0x0000000086e00000, 0x0000000086e00000, 0x0000000086f00000|  0%| F|  |TAMS 0x0000000086e00000| PB 0x0000000086e00000| Untracked 
|  79|0x0000000086f00000, 0x0000000086f00000, 0x0000000087000000|  0%| F|  |TAMS 0x0000000086f00000| PB 0x0000000086f00000| Untracked 
|  80|0x0000000087000000, 0x0000000087000000, 0x0000000087100000|  0%| F|  |TAMS 0x0000000087000000| PB 0x0000000087000000| Untracked 
|  81|0x0000000087100000, 0x0000000087100000, 0x0000000087200000|  0%| F|  |TAMS 0x0000000087100000| PB 0x0000000087100000| Untracked 
|  82|0x0000000087200000, 0x0000000087200000, 0x0000000087300000|  0%| F|  |TAMS 0x0000000087200000| PB 0x0000000087200000| Untracked 
|  83|0x0000000087300000, 0x0000000087300000, 0x0000000087400000|  0%| F|  |TAMS 0x0000000087300000| PB 0x0000000087300000| Untracked 
|  84|0x0000000087400000, 0x0000000087400000, 0x0000000087500000|  0%| F|  |TAMS 0x0000000087400000| PB 0x0000000087400000| Untracked 
|  85|0x0000000087500000, 0x0000000087500000, 0x0000000087600000|  0%| F|  |TAMS 0x0000000087500000| PB 0x0000000087500000| Untracked 
|  86|0x0000000087600000, 0x0000000087600000, 0x0000000087700000|  0%| F|  |TAMS 0x0000000087600000| PB 0x0000000087600000| Untracked 
|  87|0x0000000087700000, 0x0000000087700000, 0x0000000087800000|  0%| F|  |TAMS 0x0000000087700000| PB 0x0000000087700000| Untracked 
|  88|0x0000000087800000, 0x0000000087800000, 0x0000000087900000|  0%| F|  |TAMS 0x0000000087800000| PB 0x0000000087800000| Untracked 
|  89|0x0000000087900000, 0x0000000087900000, 0x0000000087a00000|  0%| F|  |TAMS 0x0000000087900000| PB 0x0000000087900000| Untracked 
|  90|0x0000000087a00000, 0x0000000087a00000, 0x0000000087b00000|  0%| F|  |TAMS 0x0000000087a00000| PB 0x0000000087a00000| Untracked 
|  91|0x0000000087b00000, 0x0000000087b00000, 0x0000000087c00000|  0%| F|  |TAMS 0x0000000087b00000| PB 0x0000000087b00000| Untracked 
|  92|0x0000000087c00000, 0x0000000087c00000, 0x0000000087d00000|  0%| F|  |TAMS 0x0000000087c00000| PB 0x0000000087c00000| Untracked 
|  93|0x0000000087d00000, 0x0000000087d00000, 0x0000000087e00000|  0%| F|  |TAMS 0x0000000087d00000| PB 0x0000000087d00000| Untracked 
|  94|0x0000000087e00000, 0x0000000087e00000, 0x0000000087f00000|  0%| F|  |TAMS 0x0000000087e00000| PB 0x0000000087e00000| Untracked 
|  95|0x0000000087f00000, 0x0000000087f00000, 0x0000000088000000|  0%| F|  |TAMS 0x0000000087f00000| PB 0x0000000087f00000| Untracked 
|  96|0x0000000088000000, 0x0000000088000000, 0x0000000088100000|  0%| F|  |TAMS 0x0000000088000000| PB 0x0000000088000000| Untracked 
|  97|0x0000000088100000, 0x0000000088100000, 0x0000000088200000|  0%| F|  |TAMS 0x0000000088100000| PB 0x0000000088100000| Untracked 
|  98|0x0000000088200000, 0x0000000088200000, 0x0000000088300000|  0%| F|  |TAMS 0x0000000088200000| PB 0x0000000088200000| Untracked 
|  99|0x0000000088300000, 0x0000000088300000, 0x0000000088400000|  0%| F|  |TAMS 0x0000000088300000| PB 0x0000000088300000| Untracked 
| 100|0x0000000088400000, 0x0000000088500000, 0x0000000088500000|100%| S|CS|TAMS 0x0000000088400000| PB 0x0000000088400000| Complete 
| 101|0x0000000088500000, 0x0000000088600000, 0x0000000088600000|100%| S|CS|TAMS 0x0000000088500000| PB 0x0000000088500000| Complete 
| 102|0x0000000088600000, 0x0000000088700000, 0x0000000088700000|100%| S|CS|TAMS 0x0000000088600000| PB 0x0000000088600000| Complete 
| 103|0x0000000088700000, 0x0000000088700000, 0x0000000088800000|  0%| F|  |TAMS 0x0000000088700000| PB 0x0000000088700000| Untracked 
| 104|0x0000000088800000, 0x0000000088800000, 0x0000000088900000|  0%| F|  |TAMS 0x0000000088800000| PB 0x0000000088800000| Untracked 
| 105|0x0000000088900000, 0x0000000088900000, 0x0000000088a00000|  0%| F|  |TAMS 0x0000000088900000| PB 0x0000000088900000| Untracked 
| 106|0x0000000088a00000, 0x0000000088a00000, 0x0000000088b00000|  0%| F|  |TAMS 0x0000000088a00000| PB 0x0000000088a00000| Untracked 
| 107|0x0000000088b00000, 0x0000000088b00000, 0x0000000088c00000|  0%| F|  |TAMS 0x0000000088b00000| PB 0x0000000088b00000| Untracked 
| 108|0x0000000088c00000, 0x0000000088c00000, 0x0000000088d00000|  0%| F|  |TAMS 0x0000000088c00000| PB 0x0000000088c00000| Untracked 
| 109|0x0000000088d00000, 0x0000000088d00000, 0x0000000088e00000|  0%| F|  |TAMS 0x0000000088d00000| PB 0x0000000088d00000| Untracked 
| 110|0x0000000088e00000, 0x0000000088e00000, 0x0000000088f00000|  0%| F|  |TAMS 0x0000000088e00000| PB 0x0000000088e00000| Untracked 
| 111|0x0000000088f00000, 0x0000000088f00000, 0x0000000089000000|  0%| F|  |TAMS 0x0000000088f00000| PB 0x0000000088f00000| Untracked 
| 112|0x0000000089000000, 0x0000000089000000, 0x0000000089100000|  0%| F|  |TAMS 0x0000000089000000| PB 0x0000000089000000| Untracked 
| 113|0x0000000089100000, 0x0000000089100000, 0x0000000089200000|  0%| F|  |TAMS 0x0000000089100000| PB 0x0000000089100000| Untracked 
| 114|0x0000000089200000, 0x0000000089200000, 0x0000000089300000|  0%| F|  |TAMS 0x0000000089200000| PB 0x0000000089200000| Untracked 
| 115|0x0000000089300000, 0x0000000089300000, 0x0000000089400000|  0%| F|  |TAMS 0x0000000089300000| PB 0x0000000089300000| Untracked 
| 116|0x0000000089400000, 0x0000000089400000, 0x0000000089500000|  0%| F|  |TAMS 0x0000000089400000| PB 0x0000000089400000| Untracked 
| 117|0x0000000089500000, 0x0000000089500000, 0x0000000089600000|  0%| F|  |TAMS 0x0000000089500000| PB 0x0000000089500000| Untracked 
| 118|0x0000000089600000, 0x00000000896fd898, 0x0000000089700000| 99%| E|  |TAMS 0x0000000089600000| PB 0x0000000089600000| Complete 
| 119|0x0000000089700000, 0x0000000089800000, 0x0000000089800000|100%| E|CS|TAMS 0x0000000089700000| PB 0x0000000089700000| Complete 
| 120|0x0000000089800000, 0x0000000089900000, 0x0000000089900000|100%| E|CS|TAMS 0x0000000089800000| PB 0x0000000089800000| Complete 
| 121|0x0000000089900000, 0x0000000089a00000, 0x0000000089a00000|100%| E|CS|TAMS 0x0000000089900000| PB 0x0000000089900000| Complete 
| 122|0x0000000089a00000, 0x0000000089b00000, 0x0000000089b00000|100%| E|CS|TAMS 0x0000000089a00000| PB 0x0000000089a00000| Complete 
| 123|0x0000000089b00000, 0x0000000089c00000, 0x0000000089c00000|100%| E|CS|TAMS 0x0000000089b00000| PB 0x0000000089b00000| Complete 
| 124|0x0000000089c00000, 0x0000000089d00000, 0x0000000089d00000|100%| E|CS|TAMS 0x0000000089c00000| PB 0x0000000089c00000| Complete 
| 125|0x0000000089d00000, 0x0000000089e00000, 0x0000000089e00000|100%| E|CS|TAMS 0x0000000089d00000| PB 0x0000000089d00000| Complete 

Card table byte_map: [0x0000020c7e1c0000,0x0000020c7e5b0000] _byte_map_base: 0x0000020c7ddb0000

Marking Bits: (CMBitMap*) 0x0000020c756896b0
 Bits: [0x0000020c0f000000, 0x0000020c10f80000)

Polling page: 0x0000020c73610000

Metaspace:

Usage:
  Non-class:     10.19 MB used.
      Class:      1.39 MB used.
       Both:     11.57 MB used.

Virtual space:
  Non-class space:       64.00 MB reserved,      10.31 MB ( 16%) committed,  1 nodes.
      Class space:        1.00 GB reserved,       1.50 MB ( <1%) committed,  1 nodes.
             Both:        1.06 GB reserved,      11.81 MB (  1%) committed. 

Chunk freelists:
   Non-Class:  5.38 MB
       Class:  14.38 MB
        Both:  19.75 MB

MaxMetaspaceSize: unlimited
CompressedClassSpaceSize: 1.00 GB
Initial GC threshold: 21.00 MB
Current GC threshold: 21.00 MB
CDS: on
 - commit_granule_bytes: 65536.
 - commit_granule_words: 8192.
 - virtual_space_node_default_size: 8388608.
 - enlarge_chunks_in_place: 1.
 - use_allocation_guard: 0.


Internal statistics:

num_allocs_failed_limit: 0.
num_arena_births: 326.
num_arena_deaths: 0.
num_vsnodes_births: 2.
num_vsnodes_deaths: 0.
num_space_committed: 189.
num_space_uncommitted: 0.
num_chunks_returned_to_freelist: 0.
num_chunks_taken_from_freelist: 599.
num_chunk_merges: 0.
num_chunk_splits: 350.
num_chunks_enlarged: 192.
num_inconsistent_stats: 0.

CodeHeap 'non-profiled nmethods': size=120000Kb used=580Kb max_used=580Kb free=119419Kb
 bounds [0x0000020c07ad0000, 0x0000020c07d40000, 0x0000020c0f000000]
CodeHeap 'profiled nmethods': size=120000Kb used=3227Kb max_used=3227Kb free=116772Kb
 bounds [0x0000020c00000000, 0x0000020c00330000, 0x0000020c07530000]
CodeHeap 'non-nmethods': size=5760Kb used=1440Kb max_used=1503Kb free=4319Kb
 bounds [0x0000020c07530000, 0x0000020c077a0000, 0x0000020c07ad0000]
 total_blobs=2224 nmethods=1695 adapters=434
 compilation: enabled
              stopped_count=0, restarted_count=0
 full_count=0

Compilation events (20 events):
Event: 9.358 Thread 0x0000020c7efff9b0 1681       4       jdk.internal.jimage.ImageStringsReader::stringFromByteBufferMatches (138 bytes)
Event: 9.363 Thread 0x0000020c7efff9b0 nmethod 1681 0x0000020c07b5f810 code [0x0000020c07b5f9e0, 0x0000020c07b5fe30]
Event: 9.583 Thread 0x0000020c7efff9b0 1686       4       java.util.Objects::requireNonNull (15 bytes)
Event: 9.583 Thread 0x0000020c7efff9b0 nmethod 1686 0x0000020c07b60290 code [0x0000020c07b60400, 0x0000020c07b60490]
Event: 9.641 Thread 0x0000020c7f000580 1687       3       java.util.HashMap::tableSizeFor (32 bytes)
Event: 9.641 Thread 0x0000020c7f000580 nmethod 1687 0x0000020c00324c10 code [0x0000020c00324dc0, 0x0000020c00324fc8]
Event: 9.641 Thread 0x0000020c7f000580 1688       1       java.nio.Buffer::capacity (5 bytes)
Event: 9.641 Thread 0x0000020c7f000580 nmethod 1688 0x0000020c07b60590 code [0x0000020c07b60720, 0x0000020c07b607e8]
Event: 9.642 Thread 0x0000020c7f000580 1689       3       java.nio.ByteBuffer::arrayOffset (35 bytes)
Event: 9.642 Thread 0x0000020c7f000580 nmethod 1689 0x0000020c00325090 code [0x0000020c00325260, 0x0000020c00325538]
Event: 9.706 Thread 0x0000020c7f000580 1691       3       java.util.ArrayDeque::addLast (51 bytes)
Event: 9.706 Thread 0x0000020c7f000580 nmethod 1691 0x0000020c00325690 code [0x0000020c00325860, 0x0000020c00325d20]
Event: 9.747 Thread 0x0000020c7efff9b0 1692       4       java.lang.String::startsWith (123 bytes)
Event: 9.747 Thread 0x0000020c7f000580 1693       3       jdk.internal.misc.Unsafe::checkPointer (19 bytes)
Event: 9.747 Thread 0x0000020c7f000580 nmethod 1693 0x0000020c00325e90 code [0x0000020c00326060, 0x0000020c003263f0]
Event: 9.747 Thread 0x0000020c7f000580 1694       3       java.lang.String::rangeCheck (10 bytes)
Event: 9.748 Thread 0x0000020c7f000580 nmethod 1694 0x0000020c00326590 code [0x0000020c00326740, 0x0000020c003269b8]
Event: 9.751 Thread 0x0000020c7efff9b0 nmethod 1692 0x0000020c07b60c90 code [0x0000020c07b60e20, 0x0000020c07b61148]
Event: 9.775 Thread 0x0000020c7f000580 1695       3       java.util.ArrayDeque::add (7 bytes)
Event: 9.775 Thread 0x0000020c7f000580 nmethod 1695 0x0000020c00326b10 code [0x0000020c00326cc0, 0x0000020c00326e88]

GC Heap History (2 events):
Event: 1.256 GC heap before
{Heap before GC invocations=0 (full 0):
 garbage-first heap   total 129024K, used 24576K [0x0000000082000000, 0x0000000100000000)
  region size 1024K, 23 young (23552K), 0 survivors (0K)
 Metaspace       used 9192K, committed 9408K, reserved 1114112K
  class space    used 1050K, committed 1152K, reserved 1048576K
}
Event: 1.265 GC heap after
{Heap after GC invocations=1 (full 0):
 garbage-first heap   total 129024K, used 8703K [0x0000000082000000, 0x0000000100000000)
  region size 1024K, 3 young (3072K), 3 survivors (3072K)
 Metaspace       used 9192K, committed 9408K, reserved 1114112K
  class space    used 1050K, committed 1152K, reserved 1048576K
}

Dll operation events (10 events):
Event: 0.011 Loaded shared library C:\Program Files\Java\jdk-21\bin\java.dll
Event: 0.051 Loaded shared library C:\Program Files\Java\jdk-21\bin\jsvml.dll
Event: 0.169 Loaded shared library C:\Program Files\Java\jdk-21\bin\net.dll
Event: 0.172 Loaded shared library C:\Program Files\Java\jdk-21\bin\nio.dll
Event: 0.178 Loaded shared library C:\Program Files\Java\jdk-21\bin\zip.dll
Event: 0.264 Loaded shared library C:\Program Files\Java\jdk-21\bin\jimage.dll
Event: 0.363 Loaded shared library C:\Program Files\Java\jdk-21\bin\extnet.dll
Event: 0.414 Loaded shared library C:\Program Files\Java\jdk-21\bin\management.dll
Event: 0.416 Loaded shared library C:\Program Files\Java\jdk-21\bin\management_ext.dll
Event: 1.107 Loaded shared library C:\Program Files\Java\jdk-21\bin\sunmscapi.dll

Deoptimization events (20 events):
Event: 1.375 Thread 0x0000020c58c47d40 DEOPT PACKING pc=0x0000020c07b469dc sp=0x00000093654f9f10
Event: 1.375 Thread 0x0000020c58c47d40 DEOPT UNPACKING pc=0x0000020c075846a2 sp=0x00000093654f9e88 mode 2
Event: 1.375 Thread 0x0000020c58c47d40 Uncommon trap: trap_request=0xffffffde fr.pc=0x0000020c07b469dc relative=0x000000000000013c
Event: 1.375 Thread 0x0000020c58c47d40 Uncommon trap: reason=class_check action=maybe_recompile pc=0x0000020c07b469dc method=jdk.internal.misc.Unsafe.allocateUninitializedArray(Ljava/lang/Class;I)Ljava/lang/Object; @ 51 c2
Event: 1.375 Thread 0x0000020c58c47d40 DEOPT PACKING pc=0x0000020c07b469dc sp=0x00000093654f9ec0
Event: 1.375 Thread 0x0000020c58c47d40 DEOPT UNPACKING pc=0x0000020c075846a2 sp=0x00000093654f9e38 mode 2
Event: 1.375 Thread 0x0000020c58c47d40 Uncommon trap: trap_request=0xffffffde fr.pc=0x0000020c07b469dc relative=0x000000000000013c
Event: 1.375 Thread 0x0000020c58c47d40 Uncommon trap: reason=class_check action=maybe_recompile pc=0x0000020c07b469dc method=jdk.internal.misc.Unsafe.allocateUninitializedArray(Ljava/lang/Class;I)Ljava/lang/Object; @ 51 c2
Event: 1.375 Thread 0x0000020c58c47d40 DEOPT PACKING pc=0x0000020c07b469dc sp=0x00000093654f9e80
Event: 1.375 Thread 0x0000020c58c47d40 DEOPT UNPACKING pc=0x0000020c075846a2 sp=0x00000093654f9df8 mode 2
Event: 1.375 Thread 0x0000020c58c47d40 Uncommon trap: trap_request=0xffffffde fr.pc=0x0000020c07b469dc relative=0x000000000000013c
Event: 1.375 Thread 0x0000020c58c47d40 Uncommon trap: reason=class_check action=maybe_recompile pc=0x0000020c07b469dc method=jdk.internal.misc.Unsafe.allocateUninitializedArray(Ljava/lang/Class;I)Ljava/lang/Object; @ 51 c2
Event: 1.375 Thread 0x0000020c58c47d40 DEOPT PACKING pc=0x0000020c07b469dc sp=0x00000093654f9e30
Event: 1.375 Thread 0x0000020c58c47d40 DEOPT UNPACKING pc=0x0000020c075846a2 sp=0x00000093654f9da8 mode 2
Event: 7.244 Thread 0x0000020c73425ca0 Uncommon trap: trap_request=0xffffff45 fr.pc=0x0000020c07b426ec relative=0x0000000000000e6c
Event: 7.244 Thread 0x0000020c73425ca0 Uncommon trap: reason=unstable_if action=reinterpret pc=0x0000020c07b426ec method=java.util.concurrent.ConcurrentHashMap.putVal(Ljava/lang/Object;Ljava/lang/Object;Z)Ljava/lang/Object; @ 231 c2
Event: 7.244 Thread 0x0000020c73425ca0 DEOPT PACKING pc=0x0000020c07b426ec sp=0x00000093633fecf0
Event: 7.244 Thread 0x0000020c73425ca0 DEOPT UNPACKING pc=0x0000020c075846a2 sp=0x00000093633fec50 mode 2
Event: 9.325 Thread 0x0000020c584fe700 DEOPT PACKING pc=0x0000020c002eac5a sp=0x00000093645fa670
Event: 9.325 Thread 0x0000020c584fe700 DEOPT UNPACKING pc=0x0000020c07584e42 sp=0x00000093645f9b80 mode 0

Classes loaded (20 events):
Event: 7.605 Loading class java/util/concurrent/locks/ReentrantReadWriteLock done
Event: 7.605 Loading class java/util/concurrent/locks/ReentrantReadWriteLock$FairSync
Event: 7.643 Loading class java/util/concurrent/locks/ReentrantReadWriteLock$Sync
Event: 7.690 Loading class java/util/concurrent/locks/ReentrantReadWriteLock$Sync done
Event: 7.690 Loading class java/util/concurrent/locks/ReentrantReadWriteLock$FairSync done
Event: 7.702 Loading class java/util/concurrent/locks/ReentrantReadWriteLock$Sync$ThreadLocalHoldCounter
Event: 7.702 Loading class java/util/concurrent/locks/ReentrantReadWriteLock$Sync$ThreadLocalHoldCounter done
Event: 7.702 Loading class java/util/concurrent/locks/ReentrantReadWriteLock$ReadLock
Event: 7.702 Loading class java/util/concurrent/locks/ReentrantReadWriteLock$ReadLock done
Event: 7.702 Loading class java/util/concurrent/locks/ReentrantReadWriteLock$WriteLock
Event: 7.702 Loading class java/util/concurrent/locks/ReentrantReadWriteLock$WriteLock done
Event: 9.074 Loading class sun/net/www/HeaderParser
Event: 9.101 Loading class sun/net/www/HeaderParser done
Event: 9.822 Loading class java/util/logging/LogRecord
Event: 9.822 Loading class java/util/logging/LogRecord done
Event: 9.822 Loading class java/util/logging/ConsoleHandler
Event: 9.822 Loading class java/util/logging/StreamHandler
Event: 9.822 Loading class java/util/logging/StreamHandler done
Event: 9.822 Loading class java/util/logging/ConsoleHandler done
Event: 9.823 Loading class java/util/logging/SimpleFormatter

Classes unloaded (0 events):
No events

Classes redefined (0 events):
No events

Internal exceptions (20 events):
Event: 0.874 Thread 0x0000020c73425ca0 Exception <a 'java/lang/NoSuchMethodError'{0x000000008913bcb0}: 'java.lang.Object java.lang.invoke.Invokers$Holder.invokeExact_MT(java.lang.Object, java.lang.Object, java.lang.Object, java.lang.Object, java.lang.Object, java.lang.Object)'> (0x000000008913bcb0) 
thrown [s\open\src\hotspot\share\interpreter\linkResolver.cpp, line 773]
Event: 0.946 Thread 0x0000020c73425ca0 Exception <a 'sun/nio/fs/WindowsException'{0x0000000089061580}> (0x0000000089061580) 
thrown [s\open\src\hotspot\share\prims\jni.cpp, line 520]
Event: 1.002 Thread 0x0000020c73425ca0 Exception <a 'java/lang/NoSuchMethodError'{0x0000000088e90c78}: 'void java.lang.invoke.DirectMethodHandle$Holder.invokeVirtual(java.lang.Object, java.lang.Object)'> (0x0000000088e90c78) 
thrown [s\open\src\hotspot\share\interpreter\linkResolver.cpp, line 773]
Event: 1.055 Thread 0x0000020c73425ca0 Exception <a 'java/lang/NoSuchMethodError'{0x0000000088a97280}: 'java.lang.Object java.lang.invoke.DirectMethodHandle$Holder.invokeStaticInit(java.lang.Object, int, int, int, int)'> (0x0000000088a97280) 
thrown [s\open\src\hotspot\share\interpreter\linkResolver.cpp, line 773]
Event: 1.083 Thread 0x0000020c73425ca0 Exception <a 'java/lang/NoSuchMethodError'{0x000000008895b328}: 'java.lang.Object java.lang.invoke.DirectMethodHandle$Holder.invokeStaticInit(java.lang.Object, java.lang.Object, int, int, int, int)'> (0x000000008895b328) 
thrown [s\open\src\hotspot\share\interpreter\linkResolver.cpp, line 773]
Event: 1.172 Thread 0x0000020c73425ca0 Exception <a 'java/lang/NoSuchMethodError'{0x000000008888d9d8}: 'java.lang.Object java.lang.invoke.DirectMethodHandle$Holder.invokeInterface(java.lang.Object, java.lang.Object, java.lang.Object)'> (0x000000008888d9d8) 
thrown [s\open\src\hotspot\share\interpreter\linkResolver.cpp, line 773]
Event: 1.172 Thread 0x0000020c73425ca0 Exception <a 'java/lang/IncompatibleClassChangeError'{0x0000000088890dc0}: Found class java.lang.Object, but interface was expected> (0x0000000088890dc0) 
thrown [s\open\src\hotspot\share\interpreter\linkResolver.cpp, line 840]
Event: 1.173 Thread 0x0000020c73425ca0 Exception <a 'java/lang/NoSuchMethodError'{0x0000000088897f78}: 'int java.lang.invoke.DirectMethodHandle$Holder.invokeSpecialIFC(java.lang.Object, java.lang.Object, java.lang.Object, java.lang.Object)'> (0x0000000088897f78) 
thrown [s\open\src\hotspot\share\interpreter\linkResolver.cpp, line 773]
Event: 1.177 Thread 0x0000020c73425ca0 Exception <a 'java/lang/NoSuchMethodError'{0x00000000888bb0d0}: 'java.lang.Object java.lang.invoke.DirectMethodHandle$Holder.invokeVirtual(java.lang.Object, java.lang.Object, java.lang.Object, java.lang.Object)'> (0x00000000888bb0d0) 
thrown [s\open\src\hotspot\share\interpreter\linkResolver.cpp, line 773]
Event: 1.196 Thread 0x0000020c58c1fff0 Exception <a 'java/net/ConnectException'{0x0000000088780ee8}: Connection refused: getsockopt> (0x0000000088780ee8) 
thrown [s\open\src\hotspot\share\prims\jni.cpp, line 539]
Event: 1.214 Thread 0x0000020c58c1fff0 Exception <a 'java/net/ConnectException'{0x0000000088781fd8}: Connection refused: getsockopt> (0x0000000088781fd8) 
thrown [s\open\src\hotspot\share\prims\jni.cpp, line 539]
Event: 1.291 Thread 0x0000020c73425ca0 Exception <a 'java/lang/NoSuchMethodError'{0x0000000089c39f30}: 'java.lang.Object java.lang.invoke.DirectMethodHandle$Holder.newInvokeSpecial(java.lang.Object, java.lang.Object, int, int)'> (0x0000000089c39f30) 
thrown [s\open\src\hotspot\share\interpreter\linkResolver.cpp, line 773]
Event: 1.292 Thread 0x0000020c73425ca0 Exception <a 'java/lang/NoSuchMethodError'{0x0000000089c441e0}: 'void java.lang.invoke.DirectMethodHandle$Holder.invokeStatic(java.lang.Object, java.lang.Object, int)'> (0x0000000089c441e0) 
thrown [s\open\src\hotspot\share\interpreter\linkResolver.cpp, line 773]
Event: 1.305 Thread 0x0000020c73425ca0 Exception <a 'java/lang/NoSuchMethodError'{0x0000000089cbe210}: 'java.lang.Object java.lang.invoke.DirectMethodHandle$Holder.newInvokeSpecial(java.lang.Object, java.lang.Object, java.lang.Object, java.lang.Object, java.lang.Object)'> (0x0000000089cbe210) 
thrown [s\open\src\hotspot\share\interpreter\linkResolver.cpp, line 773]
Event: 1.354 Thread 0x0000020c58c47d40 Exception <a 'java/lang/NoSuchMethodError'{0x0000000089a2fcd0}: 'java.lang.Object java.lang.invoke.DirectMethodHandle$Holder.invokeSpecial(java.lang.Object, java.lang.Object, java.lang.Object, java.lang.Object, int)'> (0x0000000089a2fcd0) 
thrown [s\open\src\hotspot\share\interpreter\linkResolver.cpp, line 773]
Event: 1.354 Thread 0x0000020c58c47d40 Exception <a 'java/lang/NoSuchMethodError'{0x0000000089a33618}: 'java.lang.Object java.lang.invoke.Invokers$Holder.linkToTargetMethod(java.lang.Object, java.lang.Object, int, java.lang.Object)'> (0x0000000089a33618) 
thrown [s\open\src\hotspot\share\interpreter\linkResolver.cpp, line 773]
Event: 1.361 Thread 0x0000020c58c47d40 Exception <a 'java/lang/NoSuchMethodError'{0x0000000089a4b170}: 'void java.lang.invoke.DirectMethodHandle$Holder.invokeSpecial(java.lang.Object, java.lang.Object, java.lang.Object)'> (0x0000000089a4b170) 
thrown [s\open\src\hotspot\share\interpreter\linkResolver.cpp, line 773]
Event: 1.372 Thread 0x0000020c58c47d40 Exception <a 'java/lang/NoSuchMethodError'{0x0000000089a77008}: 'void java.lang.invoke.DirectMethodHandle$Holder.invokeSpecial(java.lang.Object, java.lang.Object, java.lang.Object, java.lang.Object, java.lang.Object)'> (0x0000000089a77008) 
thrown [s\open\src\hotspot\share\interpreter\linkResolver.cpp, line 773]
Event: 6.658 Thread 0x0000020c58c45c70 Exception <a 'java/lang/NoSuchMethodError'{0x00000000899bbbe8}: 'void java.lang.invoke.DirectMethodHandle$Holder.invokeSpecial(java.lang.Object, java.lang.Object, java.lang.Object, java.lang.Object, java.lang.Object, java.lang.Object, java.lang.Object)'> (0x00000000899bbbe8) 
thrown [s\open\src\hotspot\share\interpreter\linkResolver.cpp, line 773]
Event: 6.788 Thread 0x0000020c73425ca0 Exception <a 'java/lang/NoSuchMethodError'{0x0000000089b354b8}: 'java.lang.Object java.lang.invoke.DirectMethodHandle$Holder.invokeSpecialIFC(java.lang.Object, java.lang.Object, java.lang.Object)'> (0x0000000089b354b8) 
thrown [s\open\src\hotspot\share\interpreter\linkResolver.cpp, line 773]

ZGC Phase Switch (0 events):
No events

VM Operations (20 events):
Event: 1.249 Executing VM operation: HandshakeAllThreads (Deoptimize)
Event: 1.249 Executing VM operation: HandshakeAllThreads (Deoptimize) done
Event: 1.249 Executing VM operation: Cleanup
Event: 1.250 Executing VM operation: Cleanup done
Event: 1.256 Executing VM operation: G1CollectForAllocation (G1 Evacuation Pause)
Event: 1.265 Executing VM operation: G1CollectForAllocation (G1 Evacuation Pause) done
Event: 2.273 Executing VM operation: Cleanup
Event: 2.273 Executing VM operation: Cleanup done
Event: 6.644 Executing VM operation: HandshakeAllThreads (Deoptimize)
Event: 6.644 Executing VM operation: HandshakeAllThreads (Deoptimize) done
Event: 6.644 Executing VM operation: Cleanup
Event: 6.644 Executing VM operation: Cleanup done
Event: 6.647 Executing VM operation: HandshakeAllThreads (Deoptimize)
Event: 6.647 Executing VM operation: HandshakeAllThreads (Deoptimize) done
Event: 7.655 Executing VM operation: Cleanup
Event: 7.702 Executing VM operation: Cleanup done
Event: 8.711 Executing VM operation: Cleanup
Event: 8.711 Executing VM operation: Cleanup done
Event: 9.713 Executing VM operation: Cleanup
Event: 9.713 Executing VM operation: Cleanup done

Events (20 events):
Event: 0.470 Thread 0x0000020c5879c3b0 Thread added: 0x0000020c5879c3b0
Event: 0.715 Thread 0x0000020c583bd330 Thread exited: 0x0000020c583bd330
Event: 0.720 Thread 0x0000020c5879c3b0 Thread exited: 0x0000020c5879c3b0
Event: 0.802 Thread 0x0000020c584fe700 Thread added: 0x0000020c584fe700
Event: 1.148 Thread 0x0000020c5905e560 Thread added: 0x0000020c5905e560
Event: 1.184 Thread 0x0000020c59060db0 Thread added: 0x0000020c59060db0
Event: 1.186 Thread 0x0000020c5907c700 Thread added: 0x0000020c5907c700
Event: 1.186 Thread 0x0000020c59073620 Thread added: 0x0000020c59073620
Event: 1.189 Thread 0x0000020c58c1fff0 Thread added: 0x0000020c58c1fff0
Event: 1.249 Thread 0x0000020c58c476b0 Thread added: 0x0000020c58c476b0
Event: 1.318 Thread 0x0000020c58c47d40 Thread added: 0x0000020c58c47d40
Event: 1.322 Thread 0x0000020c58c455e0 Thread added: 0x0000020c58c455e0
Event: 1.386 Thread 0x0000020c58c45c70 Thread added: 0x0000020c58c45c70
Event: 1.388 Thread 0x0000020c58c483d0 Thread added: 0x0000020c58c483d0
Event: 1.389 Thread 0x0000020c58c46300 Thread added: 0x0000020c58c46300
Event: 7.451 Thread 0x0000020c58c48a60 Thread added: 0x0000020c58c48a60
Event: 7.452 Thread 0x0000020c58c46990 Thread added: 0x0000020c58c46990
Event: 7.454 Thread 0x0000020c58c47020 Thread added: 0x0000020c58c47020
Event: 7.455 Thread 0x0000020c58340ea0 Thread added: 0x0000020c58340ea0
Event: 7.455 Thread 0x0000020c5833e0b0 Thread added: 0x0000020c5833e0b0


Dynamic libraries:
0x00007ff648590000 - 0x00007ff6485a0000 	C:\Program Files\Java\jdk-21\bin\javaw.exe
0x00007ffc7fc70000 - 0x00007ffc7fe87000 	C:\WINDOWS\SYSTEM32\ntdll.dll
0x00007ffc7e960000 - 0x00007ffc7ea24000 	C:\WINDOWS\System32\KERNEL32.DLL
0x00007ffc7d090000 - 0x00007ffc7d462000 	C:\WINDOWS\System32\KERNELBASE.dll
0x00007ffc7ce40000 - 0x00007ffc7cf51000 	C:\WINDOWS\System32\ucrtbase.dll
0x00007ffc5daa0000 - 0x00007ffc5dab9000 	C:\Program Files\Java\jdk-21\bin\jli.dll
0x00007ffc5da80000 - 0x00007ffc5da9b000 	C:\Program Files\Java\jdk-21\bin\VCRUNTIME140.dll
0x00007ffc7fac0000 - 0x00007ffc7fb71000 	C:\WINDOWS\System32\ADVAPI32.dll
0x00007ffc7fb80000 - 0x00007ffc7fc27000 	C:\WINDOWS\System32\msvcrt.dll
0x00007ffc7f860000 - 0x00007ffc7f908000 	C:\WINDOWS\System32\sechost.dll
0x00007ffc7cde0000 - 0x00007ffc7ce08000 	C:\WINDOWS\System32\bcrypt.dll
0x00007ffc7eda0000 - 0x00007ffc7eeb4000 	C:\WINDOWS\System32\RPCRT4.dll
0x00007ffc7e720000 - 0x00007ffc7e8d1000 	C:\WINDOWS\System32\USER32.dll
0x00007ffc7ce10000 - 0x00007ffc7ce36000 	C:\WINDOWS\System32\win32u.dll
0x00007ffc651d0000 - 0x00007ffc6546b000 	C:\WINDOWS\WinSxS\amd64_microsoft.windows.common-controls_6595b64144ccf1df_6.0.22621.5547_none_27104afb73855772\COMCTL32.dll
0x00007ffc7ea30000 - 0x00007ffc7ea59000 	C:\WINDOWS\System32\GDI32.dll
0x00007ffc7cf60000 - 0x00007ffc7d083000 	C:\WINDOWS\System32\gdi32full.dll
0x00007ffc7d860000 - 0x00007ffc7d8fa000 	C:\WINDOWS\System32\msvcp_win.dll
0x00007ffc76c60000 - 0x00007ffc76c6a000 	C:\WINDOWS\SYSTEM32\VERSION.dll
0x00007ffc7db50000 - 0x00007ffc7db81000 	C:\WINDOWS\System32\IMM32.DLL
0x00007ffc755c0000 - 0x00007ffc755cc000 	C:\Program Files\Java\jdk-21\bin\vcruntime140_1.dll
0x00007ffc3da40000 - 0x00007ffc3dace000 	C:\Program Files\Java\jdk-21\bin\msvcp140.dll
0x00007ffbb5c30000 - 0x00007ffbb6943000 	C:\Program Files\Java\jdk-21\bin\server\jvm.dll
0x00007ffc7ebc0000 - 0x00007ffc7ec31000 	C:\WINDOWS\System32\WS2_32.dll
0x00007ffc7c5d0000 - 0x00007ffc7c61d000 	C:\WINDOWS\SYSTEM32\POWRPROF.dll
0x00007ffc74dd0000 - 0x00007ffc74e04000 	C:\WINDOWS\SYSTEM32\WINMM.dll
0x00007ffc7c5b0000 - 0x00007ffc7c5c3000 	C:\WINDOWS\SYSTEM32\UMPDC.dll
0x00007ffc7bd90000 - 0x00007ffc7bda8000 	C:\WINDOWS\SYSTEM32\kernel.appcore.dll
0x00007ffc71cc0000 - 0x00007ffc71cca000 	C:\Program Files\Java\jdk-21\bin\jimage.dll
0x00007ffc7a2d0000 - 0x00007ffc7a503000 	C:\WINDOWS\SYSTEM32\DBGHELP.DLL
0x00007ffc7e1b0000 - 0x00007ffc7e543000 	C:\WINDOWS\System32\combase.dll
0x00007ffc7eec0000 - 0x00007ffc7ef97000 	C:\WINDOWS\System32\OLEAUT32.dll
0x00007ffc712f0000 - 0x00007ffc71322000 	C:\WINDOWS\SYSTEM32\dbgcore.DLL
0x00007ffc7d470000 - 0x00007ffc7d4eb000 	C:\WINDOWS\System32\bcryptPrimitives.dll
0x00007ffc5bc10000 - 0x00007ffc5bc2f000 	C:\Program Files\Java\jdk-21\bin\java.dll
0x00007ffc7efa0000 - 0x00007ffc7f842000 	C:\WINDOWS\System32\SHELL32.dll
0x00007ffc7d4f0000 - 0x00007ffc7d62f000 	C:\WINDOWS\System32\wintypes.dll
0x00007ffc7ac90000 - 0x00007ffc7b5ad000 	C:\WINDOWS\SYSTEM32\windows.storage.dll
0x00007ffc7eab0000 - 0x00007ffc7ebbc000 	C:\WINDOWS\System32\SHCORE.dll
0x00007ffc7d910000 - 0x00007ffc7d979000 	C:\WINDOWS\System32\shlwapi.dll
0x00007ffc7cc90000 - 0x00007ffc7ccbb000 	C:\WINDOWS\SYSTEM32\profapi.dll
0x00007ffc30f10000 - 0x00007ffc30fe7000 	C:\Program Files\Java\jdk-21\bin\jsvml.dll
0x00007ffc71c80000 - 0x00007ffc71c90000 	C:\Program Files\Java\jdk-21\bin\net.dll
0x00007ffc73740000 - 0x00007ffc7386c000 	C:\WINDOWS\SYSTEM32\WINHTTP.dll
0x00007ffc7c210000 - 0x00007ffc7c279000 	C:\WINDOWS\system32\mswsock.dll
0x00007ffc5bb40000 - 0x00007ffc5bb56000 	C:\Program Files\Java\jdk-21\bin\nio.dll
0x00007ffc5b400000 - 0x00007ffc5b418000 	C:\Program Files\Java\jdk-21\bin\zip.dll
0x00007ffc699a0000 - 0x00007ffc699a9000 	C:\Program Files\Java\jdk-21\bin\extnet.dll
0x00007ffc7b830000 - 0x00007ffc7b928000 	C:\WINDOWS\SYSTEM32\DNSAPI.dll
0x00007ffc7b800000 - 0x00007ffc7b82d000 	C:\WINDOWS\SYSTEM32\IPHLPAPI.DLL
0x00007ffc7d900000 - 0x00007ffc7d909000 	C:\WINDOWS\System32\NSI.dll
0x00007ffc74ee0000 - 0x00007ffc74eea000 	C:\Windows\System32\rasadhlp.dll
0x00007ffc731e0000 - 0x00007ffc73264000 	C:\WINDOWS\System32\fwpuclnt.dll
0x00007ffc79730000 - 0x00007ffc7973a000 	C:\Program Files\Java\jdk-21\bin\management.dll
0x00007ffc77770000 - 0x00007ffc7777b000 	C:\Program Files\Java\jdk-21\bin\management_ext.dll
0x00007ffc7fab0000 - 0x00007ffc7fab8000 	C:\WINDOWS\System32\PSAPI.DLL
0x00007ffc7c470000 - 0x00007ffc7c48b000 	C:\WINDOWS\SYSTEM32\CRYPTSP.dll
0x00007ffc7bcf0000 - 0x00007ffc7bd27000 	C:\WINDOWS\system32\rsaenh.dll
0x00007ffc7c300000 - 0x00007ffc7c328000 	C:\WINDOWS\SYSTEM32\USERENV.dll
0x00007ffc7c460000 - 0x00007ffc7c46c000 	C:\WINDOWS\SYSTEM32\CRYPTBASE.dll
0x00007ffc71030000 - 0x00007ffc7103e000 	C:\Program Files\Java\jdk-21\bin\sunmscapi.dll
0x00007ffc7d630000 - 0x00007ffc7d797000 	C:\WINDOWS\System32\CRYPT32.dll
0x00007ffc7c710000 - 0x00007ffc7c73d000 	C:\WINDOWS\SYSTEM32\ncrypt.dll
0x00007ffc7c6d0000 - 0x00007ffc7c707000 	C:\WINDOWS\SYSTEM32\NTASN1.dll
0x00007ffc77380000 - 0x00007ffc77388000 	C:\WINDOWS\system32\wshunix.dll

dbghelp: loaded successfully - version: 4.0.5 - missing functions: none
symbol engine: initialized successfully - sym options: 0x614 - pdb path: .;C:\Program Files\Java\jdk-21\bin;C:\WINDOWS\SYSTEM32;C:\WINDOWS\WinSxS\amd64_microsoft.windows.common-controls_6595b64144ccf1df_6.0.22621.5547_none_27104afb73855772;C:\Program Files\Java\jdk-21\bin\server

VM Arguments:
jvm_args: -Dfile.encoding=UTF-8 -Dstdout.encoding=UTF-8 -Dstderr.encoding=UTF-8 -XX:+ShowCodeDetailsInExceptionMessages 
java_command: Expressions.CssSelector_Method
java_class_path (initial): C:\Users\shend\eclipse-workspace\BASIC-Selenium\target\test-classes;C:\Users\shend\eclipse-workspace\BASIC-Selenium\target\classes;C:\Users\shend\.p2\pool\plugins\org.testng_7.11.0.r202503091654.jar;C:\Users\shend\.p2\pool\plugins\com.beust.jcommander_1.83.0.jar;C:\Users\shend\.p2\pool\plugins\slf4j.api_2.0.16.jar;C:\Users\shend\.p2\pool\plugins\org.yaml.snakeyaml_2.2.0.jar;C:\Users\shend\.p2\pool\plugins\org.webjars.jquery_3.7.1.jar;C:\Users\shend\.m2\repository\org\seleniumhq\selenium\selenium-java\4.32.0\selenium-java-4.32.0.jar;C:\Users\shend\.m2\repository\org\seleniumhq\selenium\selenium-api\4.32.0\selenium-api-4.32.0.jar;C:\Users\shend\.m2\repository\org\jspecify\jspecify\1.0.0\jspecify-1.0.0.jar;C:\Users\shend\.m2\repository\org\seleniumhq\selenium\selenium-chrome-driver\4.32.0\selenium-chrome-driver-4.32.0.jar;C:\Users\shend\.m2\repository\com\google\auto\service\auto-service-annotations\1.1.1\auto-service-annotations-1.1.1.jar;C:\Users\shend\.m2\repository\org\seleniumhq\selenium\selenium-chromium-driver\4.32.0\selenium-chromium-driver-4.32.0.jar;C:\Users\shend\.m2\repository\org\seleniumhq\selenium\selenium-json\4.32.0\selenium-json-4.32.0.jar;C:\Users\shend\.m2\repository\org\seleniumhq\selenium\selenium-manager\4.32.0\selenium-manager-4.32.0.jar;C:\Users\shend\.m2\repository\org\seleniumhq\selenium\selenium-devtools-v134\4.32.0\selenium-devtools-v134-4.32.0.jar;C:\Users\shend\.m2\repository\org\seleniumhq\selenium\selenium-devtools-v135\4.32.0\selenium-devtools-v135-4.32.0.jar;C:\Users\shend\.m2\repository\org\seleniumhq\selenium\selenium-devtools-v136\4.32.0\selenium-devtools-v136-4.32.0.jar;C:\Users\shend\.m2\repository\org\seleniumhq\selenium\selenium-edge-driver\4.32.0\selenium-edge-driver-4.32.0.jar;C:\Users\shend\.m2\repository\org\seleniumhq\selenium\selenium-firefox-driver\4.32.0\selenium-firefox-driver-4.32.0.jar;C:\Users\shend\.m2\repository\org\seleniumhq\selenium\selenium-http\4.32.0\selenium-http-4.32.0.jar;C:\Users\shend\.m2\repository\org\seleniumhq\selenium\selenium-ie-driver\4.32.0\selenium-ie-driver-4.32.0.jar;C:\Users\shend\.m2\repository\org\seleniumhq\selenium\selenium-remote-driver\4.32.0\selenium-remote-driver-4.32.0.jar;C:\Users\shend\.m2\repository\com\google\guava\guava\33.4.8-jre\guava-33.4.8-jre.jar;C:\Users\shend\.m2\repository\com\google\guava\failureaccess\1.0.3\failureaccess-1.0.3.jar;C:\Users\shend\.m2\repository\com\google\guava\listenablefuture\9999.0-empty-to-avoid-conflict-with-guava\listenablefuture-9999.0-empty-to-avoid-conflict-with-guava.jar;C:\Users\shend\.m2\repository\com\google\j2objc\j2objc-annotations\3.0.0\j2objc-annotations-3.0.0.jar;C:\Users\shend\.m2\repository\io\opentelemetry\opentelemetry-api\1.49.0\opentelemetry-api-1.49.0.jar;C:\Users\shend\.m2\repository\io\opentelemetry\opentelemetry-context\1.49.0\opentelemetry-context-1.49.0.jar;C:\Users\shend\.m2\repository\io\opentelemetry\opentelemetry-exporter-logging\1.49.0\opentelemetry-exporter-logging-1.49.0.jar;C:\Users\shend\.m2\repository\io\opentelemetry\opentelemetry-sdk-common\1.49.0\opentelemetry-sdk-common-1.49.0.jar;C:\Users\shend\.m2\repository\io\opentelemetry\opentelemetry-sdk-extension-autoconfigure-spi\1.49.0\opentelemetry-sdk-extension-autoconfigure-spi-1.49.0.jar;C:\Users\shend\.m2\repository\io\opentelemetry\opentelemetry-sdk-extension-autoconfigure\1.49.0\opentelemetry-sdk-extension-autoconfigure-1.49.0.jar;C:\Users\shend\.m2\repository\io\opentelemetry\opentelemetry-sdk-trace\1.49.0\opentelemetry-sdk-trace-1.49.0.jar;C:\Users\shend\.m2\repository\io\opentelemetry\opentelemetry-sdk\1.49.0\opentelemetry-sdk-1.49.0.jar;C:\Users\shend\.m2\repository\io\opentelemetry\opentelemetry-sdk-metrics\1.49.0\opentelemetry-sdk-metrics-1.49.0.jar;C:\Users\shend\.m2\repository\io\opentelemetry\opentelemetry-sdk-logs\1.49.0\opentelemetry-sdk-logs-1.49.0.jar;C:\Users\shend\.m2\repository\net\bytebuddy\byte-buddy\1.17.5\byte-buddy-1.17.5.jar;C:\Users\shend\.m2\repository\org\seleniumhq\selenium\selenium-os\4.32.0\selenium-os-4.32.0.jar;C:\Users\shend\.m2\repository\org\apache\commons\commons-exec\1.4.0\commons-exec-1.4.0.jar;C:\Users\shend\.m2\repository\org\seleniumhq\selenium\selenium-safari-driver\4.32.0\selenium-safari-driver-4.32.0.jar;C:\Users\shend\.m2\repository\org\seleniumhq\selenium\selenium-support\4.32.0\selenium-support-4.32.0.jar;C:\Users\shend\.m2\repository\org\apache\poi\poi\4.1.2\poi-4.1.2.jar;C:\Users\shend\.m2\repository\commons-codec\commons-codec\1.13\commons-codec-1.13.jar;C:\Users\shend\.m2\repository\org\apache\commons\commons-collections4\4.4\commons-collections4-4.4.jar;C:\Users\shend\.m2\repository\org\apache\commons\commons-math3\3.6.1\commons-math3-3.6.1.jar;C:\Users\shend\.m2\repository\com\zaxxer\SparseBitSet\1.2\SparseBitSet-1.2.jar;C:\Users\shend\.m2\repository\org\apache\poi\poi-ooxml\4.1.2\poi-ooxml-4.1.2.jar;C:\Users\shend\.m2\repository\org\apache\poi\poi-ooxml-schemas\4.1.2\poi-ooxml-schemas-4.1.2.jar;C:\Users\shend\.m2\repository\org\apache\xmlbeans\xmlbeans\3.1.0\xmlbeans-3.1.0.jar;C:\Users\shend\.m2\repository\org\apache\commons\commons-compress\1.19\commons-compress-1.19.jar;C:\Users\shend\.m2\repository\com\github\virtuald\curvesapi\1.06\curvesapi-1.06.jar;C:\Users\shend\.m2\repository\io\github\bonigarcia\webdrivermanager\5.9.2\webdrivermanager-5.9.2.jar;C:\Users\shend\.m2\repository\org\slf4j\slf4j-api\2.0.13\slf4j-api-2.0.13.jar;C:\Users\shend\.m2\repository\com\google\code\gson\gson\2.11.0\gson-2.11.0.jar;C:\Users\shend\.m2\repository\com\google\errorprone\error_prone_annotations\2.27.0\error_prone_annotations-2.27.0.jar;C:\Users\shend\.m2\repository\com\github\docker-java\docker-java\3.4.0\docker-java-3.4.0.jar;C:\Users\shend\.m2\repository\com\github\docker-java\docker-java-core\3.4.0\docker-java-core-3.4.0.jar;C:\Users\shend\.m2\repository\com\github\docker-java\docker-java-api\3.4.0\docker-java-api-3.4.0.jar;C:\Users\shend\.m2\repository\com\fasterxml\jackson\core\jackson-annotations\2.10.3\jackson-annotations-2.10.3.jar;C:\Users\shend\.m2\repository\commons-io\commons-io\2.13.0\commons-io-2.13.0.jar;C:\Users\shend\.m2\repository\com\fasterxml\jackson\core\jackson-databind\2.10.3\jackson-databind-2.10.3.jar;C:\Users\shend\.m2\repository\com\fasterxml\jackson\core\jackson-core\2.10.3\jackson-core-2.10.3.jar;C:\Users\shend\.m2\repository\org\slf4j\jcl-over-slf4j\1.7.30\jcl-over-slf4j-1.7.30.jar;C:\Users\shend\.m2\repository\com\github\docker-java\docker-java-transport-httpclient5\3.4.0\docker-java-transport-httpclient5-3.4.0.jar;C:\Users\shend\.m2\repository\com\github\docker-java\docker-java-transport\3.4.0\docker-java-transport-3.4.0.jar;C:\Users\shend\.m2\repository\net\java\dev\jna\jna\5.13.0\jna-5.13.0.jar;C:\Users\shend\.m2\repository\org\brotli\dec\0.1.2\dec-0.1.2.jar;C:\Users\shend\.m2\repository\org\apache\commons\commons-lang3\3.15.0\commons-lang3-3.15.0.jar;C:\Users\shend\.m2\repository\org\apache\httpcomponents\client5\httpclient5\5.2.1\httpclient5-5.2.1.jar;C:\Users\shend\.m2\repository\org\apache\httpcomponents\core5\httpcore5\5.2\httpcore5-5.2.jar;C:\Users\shend\.m2\repository\org\apache\httpcomponents\core5\httpcore5-h2\5.2\httpcore5-h2-5.2.jar;C:\Users\shend\.m2\repository\org\testng\testng\7.10.2\testng-7.10.2.jar;C:\Users\shend\.m2\repository\com\beust\jcommander\1.82\jcommander-1.82.jar;C:\Users\shend\.m2\repository\org\webjars\jquery\3.7.1\jquery-3.7.1.jar;C:\Users\shend\eclipse-workspace\ SeleniumProject\target\classes
Launcher Type: SUN_STANDARD

[Global flags]
     intx CICompilerCount                          = 4                                         {product} {ergonomic}
     uint ConcGCThreads                            = 2                                         {product} {ergonomic}
     uint G1ConcRefinementThreads                  = 8                                         {product} {ergonomic}
   size_t G1HeapRegionSize                         = 1048576                                   {product} {ergonomic}
    uintx GCDrainStackTargetSize                   = 64                                        {product} {ergonomic}
   size_t InitialHeapSize                          = 132120576                                 {product} {ergonomic}
   size_t MarkStackSize                            = 4194304                                   {product} {ergonomic}
   size_t MaxHeapSize                              = 2113929216                                {product} {ergonomic}
   size_t MaxNewSize                               = 1267728384                                {product} {ergonomic}
   size_t MinHeapDeltaBytes                        = 1048576                                   {product} {ergonomic}
   size_t MinHeapSize                              = 8388608                                   {product} {ergonomic}
    uintx NonNMethodCodeHeapSize                   = 5839372                                {pd product} {ergonomic}
    uintx NonProfiledCodeHeapSize                  = 122909434                              {pd product} {ergonomic}
    uintx ProfiledCodeHeapSize                     = 122909434                              {pd product} {ergonomic}
    uintx ReservedCodeCacheSize                    = 251658240                              {pd product} {ergonomic}
     bool SegmentedCodeCache                       = true                                      {product} {ergonomic}
     bool ShowCodeDetailsInExceptionMessages       = true                                   {manageable} {command line}
   size_t SoftMaxHeapSize                          = 2113929216                             {manageable} {ergonomic}
     bool UseCompressedOops                        = true                           {product lp64_product} {ergonomic}
     bool UseG1GC                                  = true                                      {product} {ergonomic}
     bool UseLargePagesIndividualAllocation        = false                                  {pd product} {ergonomic}

Logging:
Log output configuration:
 #0: stdout all=warning uptime,level,tags foldmultilines=false
 #1: stderr all=off uptime,level,tags foldmultilines=false

Environment Variables:
JAVA_HOME=C:\Program Files\Java\jdk-21
PATH=C:\app\shend\product\21c\dbhomeXE\bin;F:\oracle\product\10.2.0\db_2\bin;F:\oracle\product\10.2.0\db_7\bin;C:\Program Files (x86)\VMware\VMware Workstation\bin\;F:\oracle\product\10.2.0\db_6\bin;F:\oracle\product\10.2.0\db_1\bin;C:\Program Files\Common Files\Oracle\Java\javapath;C:\Program Files\Java\jdk-21\bin;F:\oracle\product\10.2.0\db_1\BIN;C:\Users\shend\anaconda3;C:\Users\shend\anaconda3\Library\mingw-w64\bin;C:\Users\shend\anaconda3\Library\usr\bin;C:\Users\shend\anaconda3\Library\bin;C:\Users\shend\anaconda3\Scripts;C:\Users\shend\AppData\Local\Programs\Python\Python312\Scripts\;C:\Users\shend\AppData\Local\Programs\Python\Python312\;C:\Users\shend\AppData\Local\Programs\Python\Launcher\;C:\Users\shend\AppData\Local\Microsoft\WindowsApps;C:\Users\shend\AppData\Local\Programs\Microsoft VS Code\bin
USERNAME=shend
OS=Windows_NT
PROCESSOR_IDENTIFIER=Intel64 Family 6 Model 158 Stepping 10, GenuineIntel
TMP=C:\Users\shend\AppData\Local\Temp
TEMP=C:\Users\shend\AppData\Local\Temp




Periodic native trim disabled

---------------  S Y S T E M  ---------------

OS:
 Windows 11 , 64 bit Build 22621 (10.0.22621.5415)
OS uptime: 22 days 7:30 hours

CPU: total 8 (initial active 8) (4 cores per cpu, 2 threads per core) family 6 model 158 stepping 10 microcode 0xec, cx8, cmov, fxsr, ht, mmx, 3dnowpref, sse, sse2, sse3, ssse3, sse4.1, sse4.2, popcnt, lzcnt, tsc, tscinvbit, avx, avx2, aes, erms, clmul, bmi1, bmi2, adx, fma, vzeroupper, clflush, clflushopt, rdtscp, f16c
Processor Information for all 8 processors :
  Max Mhz: 2400, Current Mhz: 2400, Mhz Limit: 2400

Memory: 4k page, system-wide physical 8063M (792M free)
TotalPageFile size 12142M (AvailPageFile size 6M)
current process WorkingSet (physical memory assigned to process): 104M, peak: 108M
current process commit charge ("private bytes"): 240M, peak: 245M

vm_info: Java HotSpot(TM) 64-Bit Server VM (21.0.4+8-LTS-274) for windows-amd64 JRE (21.0.4+8-LTS-274), built on 2024-06-05T05:23:33Z by "mach5one" with MS VC++ 17.6 (VS2022)

END.
